Fecha,26055100,26080280,26085160,26080300,26055120,26085170,26080310
2016-01-01,0.0,1.0,0.0,0.0,0.0,0.0,1.1
2016-01-02,0.0,0.0,0.0,0.0,0.0,0.0,3.1
2016-01-03,0.0,6.0,0.0,0.0,0.0,0.0,2.2
2016-01-04,0.0,3.0,0.0,0.0,0.0,0.0,0.0
2016-01-05,0.0,4.0,0.0,0.0,0.0,0.0,4.0
2016-01-06,0.0,0.0,0.0,0.0,0.0,0.0,0.2
2016-01-07,0.0,0.0,0.0,0.0,0.0,0.0,0.0
2016-01-08,0.0,0.0,0.0,0.0,0.0,0.0,0.0
2016-01-09,0.0,0.0,0.0,0.0,0.0,0.0,0.0
2016-01-10,0.0,10.0,0.0,0.0,0.0,0.0,0.5
2016-01-11,0.0,0.0,0.0,0.0,0.0,0.0,0.0
2016-01-12,0.0,0.0,0.0,0.0,0.0,0.0,0.0
2016-01-13,0.0,0.0,0.0,0.0,0.0,0.0,0.0
2016-01-14,0.0,0.0,0.0,0.0,0.0,0.0,0.0
2016-01-15,0.0,0.0,0.0,0.0,0.0,0.0,0.0
2016-01-16,0.0,0.0,0.0,0.0,0.0,0.0,0.0
2016-01-17,0.0,0.0,0.0,0.0,0.0,0.0,0.0
2016-01-18,0.0,0.0,0.0,0.0,0.0,0.0,0.0
2016-01-19,0.0,0.0,0.0,0.0,0.0,0.0,0.0
2016-01-20,0.0,0.0,0.0,0.0,0.0,0.0,0.0
2016-01-21,0.0,0.0,0.0,0.0,0.0,0.0,0.0
2016-01-22,0.0,0.0,0.0,0.0,5.1,0.0,1.5
2016-01-23,0.0,2.0,0.0,0.0,0.0,0.0,19.3
2016-01-24,0.0,0.0,0.0,0.0,0.0,0.0,0.0
2016-01-25,0.0,10.0,0.0,0.0,0.0,0.0,0.0
2016-01-26,0.0,0.0,0.0,0.0,0.0,0.0,0.0
2016-01-27,0.0,0.0,0.0,0.0,0.0,0.0,0.0
2016-01-28,0.0,0.0,0.0,0.0,0.0,0.0,0.0
2016-01-29,0.0,3.0,0.0,0.0,2.8,0.0,5.6
2016-01-30,0.0,0.0,0.0,0.0,0.0,0.0,0.0
2016-01-31,0.0,0.0,0.0,0.0,0.0,0.0,0.0
2016-02-01,0.0,0.0,0.0,0.0,0.0,0.0,0.0
2016-02-02,0.0,0.0,0.0,0.0,0.0,0.0,0.0
2016-02-03,0.0,0.0,0.0,0.0,0.0,0.0,0.6
2016-02-04,0.0,1.0,0.0,0.0,1.4,0.0,0.0
2016-02-05,0.0,0.0,0.0,0.0,0.0,0.0,0.0
2016-02-06,0.0,0.0,0.0,0.0,0.0,0.0,0.0
2016-02-07,0.0,0.0,0.0,0.0,0.0,0.0,0.0
2016-02-08,0.0,0.0,0.0,0.0,0.0,0.0,0.0
2016-02-09,0.0,0.0,0.0,0.0,0.0,0.0,0.0
2016-02-10,0.0,0.0,0.0,0.0,0.0,0.0,0.0
2016-02-11,0.0,0.0,0.0,0.0,0.0,0.0,0.0
2016-02-12,0.0,0.0,0.0,0.0,0.0,0.0,0.0
2016-02-13,0.0,0.0,0.0,0.0,0.0,0.0,0.0
2016-02-14,0.0,0.0,0.0,0.0,0.0,0.0,0.0
2016-02-15,0.0,0.0,0.0,0.0,0.0,0.0,0.0
2016-02-16,0.0,0.0,0.0,0.0,0.0,0.0,0.0
2016-02-17,0.0,1.0,0.0,0.0,0.0,0.0,0.0
2016-02-18,0.0,0.0,0.0,0.0,0.8,0.0,0.0
2016-02-19,0.0,0.0,0.0,0.0,0.0,0.0,0.0
2016-02-20,0.0,5.0,0.0,0.0,3.6,0.0,9.4
2016-02-21,0.0,35.0,0.0,0.0,9.8,0.0,4.2
2016-02-22,0.0,3.0,0.0,0.0,0.0,0.0,0.0
2016-02-23,0.0,0.0,0.0,0.0,0.0,0.0,0.0
2016-02-24,0.0,0.0,0.0,0.0,0.0,0.0,0.0
2016-02-25,0.0,1.0,0.0,0.0,0.9,0.0,0.0
2016-02-26,0.0,4.0,0.0,0.0,0.4,0.0,0.7
2016-02-27,0.0,0.0,0.0,0.0,0.0,0.0,0.0
2016-02-28,0.0,10.0,0.0,0.0,7.4,0.0,0.0
2016-02-29,0.0,0.0,0.0,0.0,0.0,0.0,0.0
2016-03-01,0.0,7.0,0.0,0.0,0.0,0.0,0.9
2016-03-02,0.0,11.0,0.0,0.0,0.0,0.0,8.3
2016-03-03,0.0,39.0,0.0,0.0,0.0,0.0,26.2
2016-03-04,0.0,10.0,0.0,0.0,0.0,0.0,3.1
2016-03-05,0.0,48.0,0.0,0.0,0.0,0.0,1.0
2016-03-06,0.0,3.0,0.0,0.0,0.0,0.0,0.3
2016-03-07,0.0,12.0,0.0,0.0,0.0,0.0,16.6
2016-03-08,0.0,2.0,0.0,0.0,0.0,0.0,0.0
2016-03-09,0.0,0.0,0.0,0.0,0.0,0.0,0.0
2016-03-10,0.0,4.0,0.0,0.0,0.0,0.0,4.4
2016-03-11,0.0,0.0,0.0,0.0,0.0,0.0,0.8
2016-03-12,0.0,0.0,0.0,0.0,0.0,0.0,1.0
2016-03-13,0.0,6.0,0.0,0.0,0.0,0.0,0.5
2016-03-14,0.0,10.0,0.0,0.0,0.0,0.0,5.3
2016-03-15,0.0,2.0,0.0,0.0,0.0,0.0,0.0
2016-03-16,0.0,11.0,0.0,0.0,0.0,0.0,0.1
2016-03-17,0.0,50.0,0.0,0.0,0.0,0.0,6.1
2016-03-18,0.0,0.0,0.0,0.0,0.0,0.0,0.0
2016-03-19,0.0,0.0,0.0,0.0,0.0,0.0,0.0
2016-03-20,0.0,2.0,0.0,0.0,0.0,0.0,0.0
2016-03-21,0.0,0.0,0.0,0.0,0.0,0.0,0.0
2016-03-22,0.0,10.0,0.0,0.0,0.0,0.0,0.0
2016-03-23,0.0,0.0,0.0,0.0,0.0,0.0,0.0
2016-03-24,0.0,0.0,0.0,0.0,0.0,0.0,0.0
2016-03-25,0.0,0.0,0.0,0.0,0.0,0.0,0.0
2016-03-26,0.0,5.0,0.0,0.0,0.0,0.0,0.0
2016-03-27,0.0,3.0,0.0,0.0,0.0,0.0,0.6
2016-03-28,0.0,0.0,0.0,0.0,0.0,0.0,0.0
2016-03-29,0.0,15.0,0.0,0.0,0.0,0.0,36.1
2016-03-30,0.0,14.0,0.0,0.0,0.0,0.0,8.5
2016-03-31,0.0,15.0,0.0,0.0,0.0,0.0,13.7
2016-04-01,0.0,20.0,0.0,0.0,0.0,0.0,52.7
2016-04-02,0.0,13.0,0.0,0.0,0.0,0.0,12.5
2016-04-03,0.0,4.0,0.0,0.0,0.0,0.0,0.0
2016-04-04,0.0,0.0,0.0,0.0,0.0,0.0,0.0
2016-04-05,0.0,0.0,0.0,0.0,0.0,0.0,0.0
2016-04-06,0.0,0.0,0.0,0.0,0.0,0.0,0.0
2016-04-07,0.0,0.0,0.0,0.0,0.0,0.0,0.0
2016-04-08,0.0,10.0,0.0,0.0,0.0,0.0,0.0
2016-04-09,0.0,0.0,0.0,0.0,0.0,0.0,11.0
2016-04-10,0.0,22.0,0.0,0.0,0.0,0.0,5.9
2016-04-11,0.0,37.0,0.0,0.0,0.0,0.0,32.8
2016-04-12,0.0,18.0,0.0,0.0,0.0,0.0,10.0
2016-04-13,0.0,5.0,0.0,0.0,0.0,0.0,7.2
2016-04-14,0.0,0.0,0.0,0.0,0.0,0.0,0.0
2016-04-15,0.0,15.0,0.0,0.0,0.0,0.0,16.8
2016-04-16,0.0,0.0,0.0,0.0,0.0,0.0,0.4
2016-04-17,0.0,6.0,0.0,0.0,0.0,0.0,14.0
2016-04-18,0.0,0.0,0.0,0.0,0.0,0.0,0.0
2016-04-19,0.0,0.0,0.0,0.0,0.0,0.0,0.0
2016-04-20,0.0,0.0,0.0,0.0,0.0,0.0,0.0
2016-04-21,0.0,0.0,0.0,0.0,0.0,0.0,0.3
2016-04-22,0.0,0.0,0.0,0.0,0.0,0.0,0.0
2016-04-23,0.0,0.0,0.0,0.0,0.0,0.0,0.0
2016-04-24,0.0,35.0,0.0,0.0,0.0,0.0,8.7
2016-04-25,0.0,46.0,0.0,0.0,0.0,0.0,12.6
2016-04-26,0.0,25.0,0.0,0.0,0.0,0.0,6.9
2016-04-27,0.0,9.0,0.0,0.0,0.0,0.0,18.0
2016-04-28,0.0,5.0,0.0,0.0,0.0,0.0,6.1
2016-04-29,0.0,0.0,0.0,0.0,0.0,0.0,0.0
2016-04-30,0.0,6.0,0.0,0.0,0.0,0.0,5.3
2016-05-01,0.0,20.0,0.0,0.0,0.0,0.0,7.8
2016-05-02,0.0,0.0,0.0,0.0,0.0,0.0,0.0
2016-05-03,0.0,3.0,0.0,0.0,0.0,0.0,0.3
2016-05-04,0.0,0.0,0.0,0.0,0.0,0.0,0.0
2016-05-05,0.0,0.0,0.0,0.0,0.0,0.0,2.0
2016-05-06,0.0,16.0,0.0,0.0,0.0,0.0,14.0
2016-05-07,0.0,0.0,0.0,0.0,0.0,0.0,0.0
2016-05-08,0.0,4.0,0.0,0.0,0.0,0.0,0.0
2016-05-09,0.0,67.0,0.0,0.0,0.0,0.0,36.8
2016-05-10,0.0,55.0,0.0,0.0,0.0,0.0,5.4
2016-05-11,0.0,0.0,0.0,0.0,0.0,0.0,0.0
2016-05-12,0.0,0.0,0.0,0.0,0.0,0.0,0.0
2016-05-13,0.0,0.0,0.0,0.0,0.0,0.0,0.0
2016-05-14,0.0,30.0,0.0,0.0,0.0,0.0,0.5
2016-05-15,0.0,0.0,0.0,0.0,0.0,0.0,0.0
2016-05-16,0.0,1.0,0.0,0.0,0.0,0.0,0.0
2016-05-17,0.0,0.0,0.0,0.0,0.0,0.0,0.0
2016-05-18,0.0,16.0,0.0,0.0,0.0,0.0,24.0
2016-05-19,0.0,0.0,0.0,0.0,0.0,0.0,0.0
2016-05-20,0.0,0.0,0.0,0.0,0.0,0.0,0.0
2016-05-21,0.0,4.0,0.0,0.0,0.0,0.0,0.4
2016-05-22,0.0,0.0,0.0,0.0,0.0,0.0,0.0
2016-05-23,0.0,0.0,0.0,0.0,0.0,0.0,0.0
2016-05-24,0.0,3.0,0.0,0.0,0.0,0.0,0.0
2016-05-25,0.0,27.0,0.0,0.0,0.0,0.0,7.7
2016-05-26,0.0,5.0,0.0,0.0,0.0,0.0,0.9
2016-05-27,0.0,0.0,0.0,0.0,0.0,0.0,18.4
2016-05-28,0.0,14.0,0.0,0.0,0.0,0.0,7.2
2016-05-29,0.0,0.0,0.0,0.0,0.0,0.0,0.0
2016-05-30,0.0,27.0,0.0,0.0,0.0,0.0,32.4
2016-05-31,0.0,0.0,0.0,0.0,0.0,0.0,5.2
2016-06-01,0.0,0.0,0.0,0.0,0.0,0.0,0.0
2016-06-02,0.0,0.0,0.0,0.0,0.0,0.0,0.3
2016-06-03,0.0,27.0,0.0,0.0,0.0,0.0,3.2
2016-06-04,0.0,0.0,0.0,0.0,0.0,0.0,0.0
2016-06-05,0.0,11.0,0.0,0.0,0.0,0.0,0.0
2016-06-06,0.0,0.0,0.0,0.0,0.0,0.0,0.0
2016-06-07,0.0,0.0,0.0,0.0,0.0,0.0,1.2
2016-06-08,0.0,3.0,0.0,0.0,0.0,0.0,0.0
2016-06-09,0.0,9.0,0.0,0.0,0.0,0.0,5.9
2016-06-10,0.0,0.0,0.0,0.0,0.0,0.0,0.0
2016-06-11,0.0,0.0,0.0,0.0,0.0,0.0,0.0
2016-06-12,0.0,0.0,0.0,0.0,0.0,0.0,0.0
2016-06-13,0.0,34.0,0.0,0.0,0.0,0.0,0.0
2016-06-14,0.0,0.0,0.0,0.0,0.0,0.0,0.0
2016-06-15,0.0,0.0,0.0,0.0,0.0,0.0,0.0
2016-06-16,0.0,0.0,0.0,0.0,0.0,0.0,0.0
2016-06-17,0.0,0.0,0.0,0.0,0.0,0.0,0.0
2016-06-18,0.0,6.0,0.0,0.0,0.0,0.0,0.0
2016-06-19,0.0,11.0,0.0,0.0,0.0,0.0,48.3
2016-06-20,0.0,20.0,0.0,0.0,0.0,0.0,14.9
2016-06-21,0.0,0.0,0.0,0.0,0.0,0.0,0.0
2016-06-22,0.0,0.0,0.0,0.0,0.0,0.0,0.0
2016-06-23,0.0,0.0,0.0,0.0,0.0,0.0,0.0
2016-06-24,0.0,2.0,0.0,0.0,0.0,0.0,0.5
2016-06-25,0.0,22.0,0.0,0.0,0.0,0.0,17.2
2016-06-26,0.0,0.0,0.0,0.0,0.0,0.0,34.1
2016-06-27,0.0,0.0,0.0,0.0,0.0,0.0,0.0
2016-06-28,0.0,0.0,0.0,0.0,0.0,0.0,0.0
2016-06-29,0.0,2.0,0.0,0.0,0.0,0.0,0.0
2016-06-30,0.0,14.0,0.0,0.0,0.0,0.0,0.0
2016-07-01,0.0,3.0,0.0,0.0,0.0,0.0,0.0
2016-07-02,0.0,9.0,0.0,0.0,0.0,0.0,11.0
2016-07-03,0.0,0.0,0.0,0.0,0.0,0.0,0.0
2016-07-04,0.0,10.0,0.0,0.0,0.0,0.0,9.7
2016-07-05,0.0,5.0,0.0,0.0,0.0,0.0,2.4
2016-07-06,0.0,0.0,0.0,0.0,0.0,0.0,0.0
2016-07-07,0.0,0.0,0.0,0.0,0.0,0.0,0.0
2016-07-08,0.0,0.0,0.0,0.0,0.0,0.0,0.0
2016-07-09,0.0,0.0,0.0,0.0,0.0,0.0,0.0
2016-07-10,0.0,0.0,0.0,0.0,0.0,0.0,0.0
2016-07-11,0.0,0.0,0.0,0.0,0.0,0.0,0.0
2016-07-12,0.0,0.0,0.0,0.0,0.0,0.0,0.0
2016-07-13,0.0,0.0,0.0,0.0,0.0,0.0,0.3
2016-07-14,0.0,0.0,0.0,0.0,0.0,0.0,0.0
2016-07-15,0.0,0.0,0.0,0.0,0.0,0.0,0.0
2016-07-16,0.0,0.0,0.0,0.0,0.0,0.0,0.0
2016-07-17,0.0,0.0,0.0,0.0,0.0,0.0,0.0
2016-07-18,0.0,4.0,0.0,0.0,0.0,0.0,0.0
2016-07-19,0.0,0.0,0.0,0.0,0.0,0.0,0.0
2016-07-20,0.0,1.0,0.0,0.0,0.0,0.0,0.0
2016-07-21,0.0,0.0,0.0,0.0,0.0,0.0,0.0
2016-07-22,0.0,0.0,0.0,0.0,0.0,0.0,0.0
2016-07-23,0.0,0.0,0.0,0.0,0.0,0.0,0.0
2016-07-24,0.0,2.0,0.0,0.0,0.0,0.0,0.1
2016-07-25,0.0,0.0,0.0,0.0,0.0,0.0,0.0
2016-07-26,0.0,0.0,0.0,0.0,0.0,0.0,0.0
2016-07-27,0.0,30.0,0.0,0.0,0.0,0.0,0.0
2016-07-28,0.0,0.0,0.0,0.0,0.0,0.0,0.0
2016-07-29,0.0,0.0,0.0,0.0,0.0,0.0,0.0
2016-07-30,0.0,0.0,0.0,0.0,0.0,0.0,0.0
2016-07-31,0.0,0.0,0.0,0.0,0.0,0.0,0.0
2016-08-01,0.0,0.0,0.0,0.0,0.0,0.0,0.0
2016-08-02,0.0,0.0,0.0,0.0,0.0,0.0,0.0
2016-08-03,0.0,0.0,0.0,0.0,0.0,0.0,0.0
2016-08-04,0.0,0.0,0.0,0.0,0.0,0.0,0.0
2016-08-05,0.0,0.0,0.0,0.0,0.0,0.0,0.0
2016-08-06,0.0,0.0,0.0,0.0,0.0,0.0,0.0
2016-08-07,0.0,3.0,0.0,0.0,0.0,0.0,0.0
2016-08-08,0.0,0.0,0.0,0.0,0.0,0.0,0.0
2016-08-09,0.0,0.0,0.0,0.0,0.0,0.0,0.0
2016-08-10,0.0,0.0,0.0,0.0,0.0,0.0,0.0
2016-08-11,0.0,0.0,0.0,0.0,0.0,0.0,0.0
2016-08-12,0.0,0.0,0.0,0.0,0.0,0.0,0.0
2016-08-13,0.0,0.0,0.0,0.0,0.0,0.0,0.0
2016-08-14,0.0,0.0,0.0,0.0,0.0,0.0,1.0
2016-08-15,0.0,3.0,0.0,0.0,0.0,0.0,0.0
2016-08-16,0.0,0.0,0.0,0.0,0.0,0.0,0.0
2016-08-17,0.0,0.0,0.0,0.0,0.0,0.0,0.0
2016-08-18,0.0,0.0,0.0,0.0,0.0,0.0,0.9
2016-08-19,0.0,0.0,0.0,0.0,0.0,0.0,0.1
2016-08-20,0.0,0.0,0.0,0.0,0.0,0.0,0.0
2016-08-21,0.0,0.0,0.0,0.0,0.0,0.0,0.0
2016-08-22,0.0,0.0,0.0,0.0,0.0,0.0,0.0
2016-08-23,0.0,0.0,0.0,0.0,0.0,0.0,0.0
2016-08-24,0.0,0.0,0.0,0.0,0.0,0.0,0.0
2016-08-25,0.0,0.0,0.0,0.0,0.0,0.0,0.0
2016-08-26,0.0,0.0,0.0,0.0,0.0,0.0,0.0
2016-08-27,0.0,0.0,0.0,0.0,0.0,0.0,0.0
2016-08-28,0.0,0.0,0.0,0.0,0.0,0.0,12.0
2016-08-29,0.0,0.0,0.0,0.0,0.0,0.0,0.0
2016-08-30,0.0,0.0,0.0,0.0,0.0,0.0,0.0
2016-08-31,0.0,15.0,0.0,0.0,0.0,0.0,15.1
2016-09-01,0.0,8.0,0.0,0.0,0.0,0.0,8.1
2016-09-02,0.0,0.0,0.0,0.0,0.0,0.0,0.0
2016-09-03,0.0,0.0,0.0,0.0,0.0,0.0,0.0
2016-09-04,0.0,12.0,0.0,0.0,0.0,0.0,7.5
2016-09-05,0.0,0.0,0.0,0.0,0.0,0.0,6.7
2016-09-06,0.0,24.0,0.0,0.0,0.0,0.0,3.3
2016-09-07,0.0,0.0,0.0,0.0,0.0,0.0,0.0
2016-09-08,0.0,10.0,0.0,0.0,0.0,0.0,11.7
2016-09-09,0.0,0.0,0.0,0.0,0.0,0.0,0.8
2016-09-10,0.0,12.0,0.0,0.0,0.0,0.0,2.4
2016-09-11,0.0,0.0,0.0,0.0,0.0,0.0,0.1
2016-09-12,0.0,0.0,0.0,0.0,0.0,0.0,0.0
2016-09-13,0.0,15.0,0.0,0.0,0.0,0.0,11.5
2016-09-14,0.0,16.0,0.0,0.0,0.0,0.0,0.6
2016-09-15,0.0,0.0,0.0,0.0,0.0,0.0,0.0
2016-09-16,0.0,0.0,0.0,0.0,0.0,0.0,0.0
2016-09-17,0.0,7.0,0.0,0.0,0.0,0.0,2.0
2016-09-18,0.0,0.0,0.0,0.0,0.0,0.0,0.2
2016-09-19,0.0,0.0,0.0,0.0,0.0,0.0,0.0
2016-09-20,0.0,12.0,0.0,0.0,0.0,0.0,5.7
2016-09-21,0.0,0.0,0.0,0.0,0.0,0.0,0.0
2016-09-22,0.0,2.0,0.0,0.0,0.0,0.0,0.3
2016-09-23,0.0,10.0,0.0,0.0,0.0,0.0,2.8
2016-09-24,0.0,0.0,0.0,0.0,0.0,0.0,7.4
2016-09-25,0.0,5.0,0.0,0.0,0.0,0.0,0.0
2016-09-26,0.0,0.0,0.0,0.0,0.0,0.0,0.0
2016-09-27,0.0,0.0,0.0,0.0,0.0,0.0,0.0
2016-09-28,0.0,0.0,0.0,0.0,0.0,0.0,0.0
2016-09-29,0.0,0.0,0.0,0.0,0.0,0.0,0.9
2016-09-30,0.0,42.0,0.0,0.0,0.0,0.0,39.5
2016-10-01,0.0,0.0,0.0,0.0,0.0,0.0,9.6
2016-10-02,0.0,20.0,0.0,0.0,0.0,0.0,42.4
2016-10-03,0.0,15.0,0.0,0.0,0.0,0.0,11.2
2016-10-04,0.0,0.0,0.0,0.0,0.0,0.0,0.2
2016-10-05,0.0,0.0,0.0,0.0,0.0,0.0,0.0
2016-10-06,0.0,3.0,0.0,0.0,0.0,0.0,2.6
2016-10-07,0.0,7.0,0.0,0.0,0.0,0.0,37.1
2016-10-08,0.0,15.0,0.0,0.0,0.0,0.0,3.3
2016-10-09,0.0,1.0,0.0,0.0,0.0,0.0,1.7
2016-10-10,0.0,0.0,0.0,0.0,0.0,0.0,0.0
2016-10-11,0.0,11.0,0.0,0.0,0.0,0.0,4.8
2016-10-12,0.0,0.0,0.0,0.0,0.0,0.0,0.0
2016-10-13,0.0,0.0,0.0,0.0,0.0,0.0,0.3
2016-10-14,0.0,0.0,0.0,0.0,0.0,0.0,0.0
2016-10-15,0.0,9.0,0.0,0.0,0.0,0.0,3.7
2016-10-16,0.0,0.0,0.0,0.0,0.0,0.0,12.7
2016-10-17,0.0,20.0,0.0,0.0,0.0,0.0,12.2
2016-10-18,0.0,5.0,0.0,0.0,0.0,0.0,11.6
2016-10-19,0.0,2.0,0.0,0.0,0.0,0.0,0.5
2016-10-20,0.0,0.0,0.0,0.0,0.0,0.0,0.0
2016-10-21,0.0,0.0,0.0,0.0,0.0,0.0,0.0
2016-10-22,0.0,10.0,0.0,0.0,0.0,0.0,5.9
2016-10-23,0.0,0.0,0.0,0.0,0.0,0.0,0.2
2016-10-24,0.0,24.0,0.0,0.0,0.0,0.0,3.9
2016-10-25,0.0,3.0,0.0,0.0,0.0,0.0,0.0
2016-10-26,0.0,0.0,0.0,0.0,0.0,0.0,0.0
2016-10-27,0.0,0.0,0.0,0.0,0.0,0.0,0.0
2016-10-28,0.0,10.0,0.0,0.0,0.0,0.0,43.1
2016-10-29,0.0,0.0,0.0,0.0,0.0,0.0,0.0
2016-10-30,0.0,0.0,0.0,0.0,0.0,0.0,0.3
2016-10-31,0.0,4.0,0.0,0.0,0.0,0.0,11.6
2016-11-01,0.0,0.0,0.0,0.0,0.0,0.0,0.0
2016-11-02,0.0,0.0,0.0,0.0,0.0,0.0,0.0
2016-11-03,0.0,2.0,0.0,0.0,0.0,0.0,0.0
2016-11-04,0.0,30.0,0.0,0.0,0.0,0.0,0.0
2016-11-05,0.0,0.0,0.0,0.0,0.0,0.0,0.0
2016-11-06,0.0,0.0,0.0,0.0,0.0,0.0,0.9
2016-11-07,0.0,0.0,0.0,0.0,0.0,0.0,2.1
2016-11-08,0.0,12.0,0.0,0.0,0.0,0.0,0.7
2016-11-09,0.0,0.0,0.0,0.0,0.0,0.0,0.0
2016-11-10,0.0,2.0,0.0,0.0,0.0,0.0,27.0
2016-11-11,0.0,11.0,0.0,0.0,0.0,0.0,2.4
2016-11-12,0.0,4.0,0.0,0.0,0.0,0.0,1.0
2016-11-13,0.0,0.0,0.0,0.0,0.0,0.0,0.3
2016-11-14,0.0,40.0,0.0,0.0,0.0,0.0,13.7
2016-11-15,0.0,0.0,0.0,0.0,0.0,0.0,6.5
2016-11-16,0.0,3.0,0.0,0.0,0.0,0.0,0.8
2016-11-17,0.0,0.0,0.0,0.0,0.0,0.0,0.3
2016-11-18,0.0,22.0,0.0,0.0,0.0,0.0,7.8
2016-11-19,0.0,20.0,0.0,0.0,0.0,0.0,11.7
2016-11-20,0.0,0.0,0.0,0.0,0.0,0.0,0.0
2016-11-21,0.0,0.0,0.0,0.0,0.0,0.0,0.0
2016-11-22,0.0,0.0,0.0,0.0,0.0,0.0,0.0
2016-11-23,0.0,0.0,0.0,0.0,0.0,0.0,0.0
2016-11-24,0.0,0.0,0.0,0.0,0.0,0.0,0.0
2016-11-25,0.0,23.0,0.0,0.0,0.0,0.0,22.5
2016-11-26,0.0,0.0,0.0,0.0,0.0,0.0,0.2
2016-11-27,0.0,0.0,0.0,0.0,0.0,0.0,0.0
2016-11-28,0.0,2.0,0.0,0.0,0.0,0.0,1.3
2016-11-29,0.0,15.0,0.0,0.0,0.0,0.0,0.0
2016-11-30,0.0,2.0,0.0,0.0,0.0,0.0,0.0
2016-12-01,0.0,10.0,0.0,0.0,0.0,0.0,2.4
2016-12-02,0.0,4.0,0.0,0.0,0.0,0.0,5.5
2016-12-03,0.0,13.0,0.0,0.0,0.0,0.0,8.0
2016-12-04,0.0,28.0,0.0,0.0,0.0,0.0,3.3
2016-12-05,0.0,19.0,0.0,0.0,0.0,0.0,4.3
2016-12-06,0.0,8.0,0.0,0.0,0.0,0.0,0.0
2016-12-07,0.0,0.0,0.0,0.0,0.0,0.0,0.0
2016-12-08,0.0,4.0,0.0,0.0,0.0,0.0,0.5
2016-12-09,0.0,0.0,0.0,0.0,0.0,0.0,0.0
2016-12-10,0.0,2.0,0.0,0.0,0.0,0.0,4.2
2016-12-11,0.0,0.0,0.0,0.0,0.0,0.0,0.0
2016-12-12,0.0,0.0,0.0,0.0,0.0,0.0,0.0
2016-12-13,0.0,13.0,0.0,0.0,0.0,0.0,0.0
2016-12-14,0.0,0.0,0.0,0.0,0.0,0.0,0.0
2016-12-15,0.0,0.0,0.0,0.0,0.0,0.0,0.0
2016-12-16,0.0,2.0,0.0,0.0,0.0,0.0,1.8
2016-12-17,0.0,0.0,0.0,0.0,0.0,0.0,0.0
2016-12-18,0.0,0.0,0.0,0.0,0.0,0.0,0.0
2016-12-19,0.0,0.0,0.0,0.0,0.0,0.0,0.0
2016-12-20,0.0,53.0,0.0,0.0,0.0,0.0,29.0
2016-12-21,0.0,18.0,0.0,0.0,0.0,0.0,10.5
2016-12-22,0.0,1.0,0.0,0.0,0.0,0.0,0.7
2016-12-23,0.0,0.0,0.0,0.0,0.0,0.0,0.0
2016-12-24,0.0,0.0,0.0,0.0,0.0,0.0,0.0
2016-12-25,0.0,0.0,0.0,0.0,0.0,0.0,0.0
2016-12-26,0.0,0.0,0.0,0.0,0.0,0.0,0.0
2016-12-27,0.0,26.0,0.0,0.0,0.0,0.0,3.7
2016-12-28,0.0,5.0,0.0,0.0,0.0,0.0,0.0
2016-12-29,0.0,0.0,0.0,0.0,0.0,0.0,0.4
2016-12-30,0.0,6.0,0.0,0.0,0.0,0.0,7.6
2016-12-31,0.0,0.0,0.0,0.0,0.0,0.0,0.0
2017-01-01,0.1,0.0,0.0,1.0,0.5,0.0,0.0
2017-01-02,0.1,0.0,0.0,0.0,1.8,0.0,0.0
2017-01-03,0.7,8.0,0.0,0.0,1.0999999999999999,0.0,0.4
2017-01-04,45.1,2.0,0.7,0.0,0.8333333333333334,3.2,0.0
2017-01-05,0.6,6.0,0.0,2.0,0.7333333333333334,0.0,6.6
2017-01-06,3.9,0.0,3.0,0.0,1.9666666666666668,0.0,0.0
2017-01-07,0.1,54.0,0.0,73.0,1.6333333333333335,0.0,27.0
2017-01-08,51.9,2.0,59.6,3.0,7.733333333333333,16.6,3.5
2017-01-09,1.0,3.0,1.8,3.0,8.166666666666666,1.4,1.3
2017-01-10,5.7,0.0,0.8,1.0,3.933333333333333,1.3,1.1
2017-01-11,0.0,19.0,0.1,27.0,1.6333333333333335,0.0,6.6
2017-01-12,1.7,0.0,1.9,0.0,1.0666666666666667,5.0,0.0
2017-01-13,0.0,0.0,0.0,0.0,0.5333333333333333,0.0,0.0
2017-01-14,0.0,0.0,0.0,0.0,0.3333333333333333,0.0,0.7
2017-01-15,0.0,12.0,0.0,1.0,0.0,0.0,0.2
2017-01-16,0.0,4.0,0.0,0.0,0.0,0.0,0.0
2017-01-17,0.0,6.0,0.0,16.0,11.666666666666666,0.0,0.0
2017-01-18,1.8,24.0,6.6,5.0,9.399999999999999,0.1,1.8
2017-01-19,24.3,5.0,8.7,1.0,1.5666666666666667,2.0,0.0
2017-01-20,18.5,7.0,0.5,10.0,2.8000000000000003,0.0,5.5
2017-01-21,0.0,0.0,0.5,0.0,0.0,0.0,0.0
2017-01-22,0.0,0.0,0.0,0.0,0.0,0.0,0.0
2017-01-23,0.0,0.0,0.0,0.0,0.0,0.0,0.0
2017-01-24,0.0,0.0,0.0,0.0,0.0,0.0,0.0
2017-01-25,0.0,0.0,0.0,0.0,0.0,0.0,0.0
2017-01-26,0.0,0.0,0.0,0.0,0.0,0.0,0.0
2017-01-27,0.0,2.0,0.0,0.0,0.0,0.0,0.0
2017-01-28,0.0,3.0,0.0,0.0,0.0,0.0,0.0
2017-01-29,0.0,25.0,0.0,6.0,1.0,0.0,0.0
2017-01-30,0.0,0.0,0.0,1.0,0.06666666666666667,0.0,10.9
2017-01-31,0.0,0.0,0.0,5.0,0.3333333333333333,0.0,0.0
2017-02-01,1.0,0.0,0.1,0.0,0.16666666666666666,0.1,0.0
2017-02-02,0.2,1.0,0.0,0.0,0.0,0.0,0.0
2017-02-03,0.2,0.0,0.0,0.0,0.0,0.0,0.0
2017-02-04,0.0,0.0,1.5,0.0,0.0,0.0,0.0
2017-02-05,0.0,0.0,0.0,0.0,0.0,0.0,0.0
2017-02-06,0.0,0.0,0.0,0.0,0.0,0.0,0.0
2017-02-07,0.0,0.0,0.0,0.0,0.0,0.0,0.0
2017-02-08,0.0,9.0,0.0,3.0,0.0,0.0,4.8
2017-02-09,0.0,0.0,0.0,0.0,0.0,3.7,0.0
2017-02-10,8.0,0.0,0.0,0.0,0.5333333333333333,0.1,0.0
2017-02-11,2.8,3.0,0.0,0.0,1.2,0.0,0.6
2017-02-12,3.9,9.0,0.0,19.0,10.6,0.0,1.2
2017-02-13,4.0,2.0,0.0,0.0,5.066666666666666,1.8,3.0
2017-02-14,3.9,0.0,0.3,0.0,0.0,0.6,0.0
2017-02-15,0.0,0.0,0.0,0.0,0.0,0.0,0.0
2017-02-16,0.0,0.0,0.0,0.0,0.0,0.0,0.0
2017-02-17,0.0,0.0,0.0,0.0,0.0,0.1,0.0
2017-02-18,0.1,0.0,0.0,0.0,0.0,0.0,0.0
2017-02-19,0.0,0.0,0.0,0.0,0.26666666666666666,0.0,0.4
2017-02-20,0.0,3.0,0.3,7.0,0.3333333333333333,0.9,2.6
2017-02-21,3.2,0.0,5.5,0.0,0.09999999999999999,9.2,0.0
2017-02-22,0.1,2.0,0.0,5.0,0.8666666666666667,0.0,8.3
2017-02-23,0.8,0.0,14.7,0.0,0.09999999999999999,1.5,0.0
2017-02-24,0.0,0.0,0.0,0.0,3.0666666666666664,0.0,0.2
2017-02-25,0.0,1.0,0.0,6.0,3.633333333333333,0.0,0.0
2017-02-26,1.5,14.0,2.0,0.0,1.5999999999999999,1.1,4.6
2017-02-27,0.0,17.0,0.0,7.0,5.466666666666666,0.1,16.4
2017-02-28,7.3,12.0,11.3,23.0,13.666666666666666,8.5,0.5
2017-03-01,5.0,4.0,17.4,0.0,5.466666666666666,0.0,0.0
2017-03-02,0.2,14.0,0.1,1.0,0.4666666666666666,0.0,0.0
2017-03-03,14.2,0.0,5.3,18.0,9.1,0.0,0.4
2017-03-04,4.2,6.0,9.6,2.0,4.9,1.1,0.0
2017-03-05,4.6,3.0,0.4,0.0,0.26666666666666666,0.1,0.0
2017-03-06,23.4,45.0,4.6,11.0,0.9333333333333332,0.1,3.0
2017-03-07,22.2,36.0,13.5,12.0,10.133333333333333,2.3,24.5
2017-03-08,6.4,28.0,20.4,4.0,6.966666666666666,10.9,2.1
2017-03-09,19.9,26.0,6.1,38.0,36.96666666666667,1.0,42.5
2017-03-10,12.4,5.0,13.2,3.0,20.400000000000002,13.2,5.5
2017-03-11,15.2,10.0,3.9,0.0,16.099999999999998,3.5,9.3
2017-03-12,19.2,5.0,7.5,0.0,19.0,7.5,1.3
2017-03-13,1.9,29.0,1.4,2.0,12.533333333333333,0.8,4.2
2017-03-14,19.2,14.0,7.4,18.0,1.8,6.5,0.2
2017-03-15,8.7,3.0,8.6,1.0,1.1666666666666667,0.0,0.9
2017-03-16,1.6,4.0,1.0,0.0,0.9,0.9,1.3
2017-03-17,3.4,0.0,3.2,0.0,0.8333333333333334,0.8,0.3
2017-03-18,1.5,6.0,0.4,34.0,8.200000000000001,0.1,2.5
2017-03-19,2.6,0.0,3.8,0.0,3.3666666666666667,2.3,6.7
2017-03-20,5.2,0.0,0.7,2.0,11.399999999999999,0.5,21.4
2017-03-21,0.4,0.0,0.4,3.0,8.233333333333333,4.1,0.0
2017-03-22,0.7,10.0,1.2,7.0,5.933333333333334,0.4,4.5
2017-03-23,10.9,9.0,7.9,2.0,11.266666666666666,4.2,15.9
2017-03-24,7.8,5.0,1.5,6.0,3.266666666666667,4.5,0.0
2017-03-25,5.5,34.0,4.4,31.0,2.1999999999999997,0.4,9.3
2017-03-26,20.1,0.0,20.2,11.0,8.233333333333333,13.2,8.7
2017-03-27,14.7,0.0,5.8,0.0,3.6999999999999997,6.9,0.0
2017-03-28,0.0,25.0,0.0,0.0,0.0,0.1,0.0
2017-03-29,0.0,0.0,0.0,6.0,0.0,0.5,3.1
2017-03-30,7.3,32.0,4.9,22.0,13.433333333333332,20.3,15.6
2017-03-31,13.2,9.0,34.0,7.0,8.733333333333333,11.2,8.8
2017-04-01,3.7,0.0,5.4,0.0,1.7,3.8,0.0
2017-04-02,2.5,0.0,0.0,0.0,0.06666666666666667,0.0,0.0
2017-04-03,0.0,0.0,0.0,0.0,0.0,0.0,0.0
2017-04-04,0.1,0.0,0.0,0.0,0.0,0.0,0.0
2017-04-05,0.0,0.0,0.0,0.0,0.0,0.0,0.0
2017-04-06,0.0,0.0,0.0,0.0,0.0,0.0,0.0
2017-04-07,0.0,4.0,0.0,12.0,12.0,0.0,0.0
2017-04-08,1.0,39.0,3.9,21.0,14.1,0.1,10.2
2017-04-09,2.8,0.0,18.1,0.0,7.833333333333333,10.2,10.8
2017-04-10,7.0,0.0,0.8,0.0,1.8,1.4,0.7
2017-04-11,1.4,10.0,0.1,16.0,7.2,9.1,6.2
2017-04-12,1.0,2.0,12.1,0.0,3.733333333333333,4.8,0.0
2017-04-13,0.7,45.0,0.1,27.0,12.433333333333335,0.0,7.4
2017-04-14,0.5,10.0,14.7,6.0,12.066666666666668,7.8,3.6
2017-04-15,0.6,0.0,27.2,0.0,2.9333333333333336,2.6,6.8
2017-04-16,0.5,23.0,0.0,17.0,41.333333333333336,16.0,17.8
2017-04-17,0.6,9.0,24.2,16.0,24.83333333333333,17.6,9.7
2017-04-18,0.4,61.0,12.0,16.0,16.033333333333335,9.9,18.1
2017-04-19,0.5,6.0,13.6,3.0,8.899999999999999,7.0,3.1
2017-04-20,0.3,11.0,2.8,38.0,6.2,1.5,13.8
2017-04-21,0.3,0.0,18.6,0.0,2.3666666666666667,15.9,0.0
2017-04-22,0.4,0.0,0.0,1.0,0.0,0.0,0.0
2017-04-23,0.3,1.0,0.0,0.0,0.26666666666666666,0.0,0.1
2017-04-24,0.4,0.0,0.1,0.0,2.5000000000000004,0.9,2.5
2017-04-25,0.3,27.0,0.0,41.0,30.53333333333333,0.0,35.6
2017-04-26,0.3,0.0,32.3,3.2,16.666666666666668,8.1,7.1
2017-04-27,0.3,0.0,2.9,0.0,0.5666666666666667,0.8,0.0
2017-04-28,0.2,0.0,0.0,0.0,0.0,0.0,0.8
2017-04-29,0.3,0.0,0.0,12.0,0.0,0.1,0.3
2017-04-30,0.3,17.0,0.0,11.6,1.5,0.4,26.7
2017-05-01,0.2,23.0,10.5,0.0,22.46666666666667,23.3,18.0
2017-05-02,0.1,1.0,11.6,2.0,10.266666666666667,9.3,0.0
2017-05-03,0.1,1.0,0.0,0.0,0.03333333333333333,0.1,0.7
2017-05-04,0.1,2.0,0.3,0.0,16.2,9.8,2.7
2017-05-05,0.1,50.0,4.5,30.0,14.766666666666666,8.3,8.9
2017-05-06,0.1,6.0,34.6,1.0,21.400000000000002,8.4,16.8
2017-05-07,0.1,3.0,1.1,4.0,14.5,7.9,41.5
2017-05-08,0.1,10.0,2.3,32.0,10.866666666666667,12.1,2.5
2017-05-09,0.2,12.0,22.9,19.0,16.7,3.3,6.9
2017-05-10,0.0,16.0,8.1,11.0,10.866666666666665,6.4,5.0
2017-05-11,0.2,42.0,8.1,17.0,17.8,11.8,26.4
2017-05-12,0.1,15.0,9.3,51.0,13.533333333333333,1.4,24.6
2017-05-13,0.1,26.0,26.8,10.0,5.066666666666666,4.0,5.8
2017-05-14,0.1,6.0,3.7,2.0,2.766666666666667,7.4,1.2
2017-05-15,0.1,24.0,1.4,53.0,22.5,1.1,13.4
2017-05-16,0.0,16.0,25.6,4.0,18.400000000000002,9.6,0.0
2017-05-17,9.8,0.0,3.3,0.0,3.733333333333333,0.0,0.0
2017-05-18,0.0,0.0,0.0,0.0,0.0,0.0,0.0
2017-05-19,4.1,0.0,0.0,1.0,1.6666666666666667,0.0,0.0
2017-05-20,0.0,2.0,0.7,0.0,0.8333333333333334,0.0,0.7
2017-05-21,0.0,15.0,4.5,0.0,2.8333333333333335,0.3,18.5
2017-05-22,14.3,2.0,14.4,0.0,1.866666666666667,4.1,0.7
2017-05-23,6.5,0.0,0.3,0.0,0.2333333333333333,0.5,0.0
2017-05-24,0.0,0.0,0.0,0.0,0.0,0.0,1.0
2017-05-25,0.0,0.0,0.2,0.0,0.0,0.3,0.0
2017-05-26,0.2,0.0,0.0,0.0,0.0,0.0,0.0
2017-05-27,0.0,0.0,0.0,0.0,0.0,0.0,0.0
2017-05-28,0.0,0.0,0.0,2.0,0.0,0.0,0.0
2017-05-29,0.0,3.0,0.0,1.0,0.13333333333333333,0.0,0.0
2017-05-30,0.4,0.0,3.0,0.0,0.06666666666666667,0.0,0.0
2017-05-31,0.0,0.0,0.0,0.0,0.0,0.0,0.0
2017-06-01,0.0,0.0,0.0,0.0,0.0,0.0,0.0
2017-06-02,1.1,0.0,0.0,0.0,0.0,0.0,0.0
2017-06-03,0.0,0.0,0.0,0.0,0.0,0.0,0.0
2017-06-04,0.0,0.0,0.0,0.0,0.0,0.4,0.0
2017-06-05,0.0,0.0,0.0,0.0,0.0,0.0,0.0
2017-06-06,0.0,4.0,0.0,0.0,0.26666666666666666,0.0,3.3
2017-06-07,0.0,14.0,0.0,14.0,2.266666666666667,0.0,9.3
2017-06-08,10.4,2.0,0.0,2.0,2.6,0.9,2.9
2017-06-09,1.8,0.0,0.0,0.0,0.7666666666666666,2.6,0.0
2017-06-10,0.0,0.0,0.0,1.0,7.8,0.0,0.6
2017-06-11,4.8,15.0,0.0,15.0,12.966666666666667,0.5,6.6
2017-06-12,32.9,11.0,0.0,4.0,7.3,3.9,6.8
2017-06-13,7.9,1.0,0.0,0.0,0.8666666666666666,9.0,0.3
2017-06-14,0.1,0.0,0.0,0.0,0.09999999999999999,0.0,0.0
2017-06-15,0.2,0.0,0.0,0.0,0.03333333333333333,0.0,0.0
2017-06-16,0.0,0.0,0.0,0.0,3.6,0.0,0.0
2017-06-17,6.0,0.0,0.0,2.0,1.8,0.0,0.4
2017-06-18,2.0,14.0,0.0,0.0,2.1333333333333333,0.0,4.1
2017-06-19,11.0,0.0,0.0,0.0,1.1333333333333335,0.1,0.0
2017-06-20,0.0,19.0,0.0,11.0,13.9,0.0,27.6
2017-06-21,11.5,0.0,0.0,0.0,6.933333333333334,24.8,0.0
2017-06-22,0.6,2.0,0.0,2.0,0.0,0.0,0.0
2017-06-23,2.5,0.0,0.0,0.0,0.0,0.2,0.0
2017-06-24,0.0,0.0,0.0,0.0,0.6,0.0,0.4
2017-06-25,5.5,0.0,0.0,0.0,0.3,0.3,0.5
2017-06-26,0.7,20.0,0.0,12.0,0.0,0.0,13.7
2017-06-27,0.0,0.0,0.0,1.0,0.0,0.0,0.0
2017-06-28,0.0,10.0,0.0,9.0,0.0,0.0,0.0
2017-06-29,15.2,27.0,0.0,19.0,0.7999999999999999,0.0,15.0
2017-06-30,43.9,0.0,0.0,0.0,0.39999999999999997,2.9,0.0
2017-07-01,0.0,0.0,0.0,0.0,0.0,6.3,0.0
2017-07-02,0.0,0.0,0.0,0.0,0.0,0.0,0.0
2017-07-03,0.0,3.0,0.0,18.0,5.666666666666667,0.0,0.6
2017-07-04,0.6,0.0,0.0,0.0,2.9666666666666663,0.3,0.0
2017-07-05,0.1,0.0,0.0,0.0,0.0,0.0,0.0
2017-07-06,0.0,0.0,0.0,0.0,0.0,0.0,0.0
2017-07-07,0.2,0.0,0.0,0.0,0.0,0.0,0.0
2017-07-08,0.1,5.0,0.0,0.0,0.0,0.0,0.0
2017-07-09,0.0,0.0,0.0,0.0,0.0,0.0,0.0
2017-07-10,0.0,0.0,0.0,0.0,0.0,0.0,0.0
2017-07-11,0.7,0.0,0.0,0.0,0.0,0.0,0.0
2017-07-12,0.0,0.0,0.0,0.0,0.0,0.0,0.0
2017-07-13,0.0,0.0,0.0,0.0,0.0,0.0,0.0
2017-07-14,0.0,0.0,0.0,0.0,0.0,0.0,0.0
2017-07-15,0.0,0.0,0.0,0.0,2.066666666666667,0.0,0.0
2017-07-16,0.0,0.0,0.1,0.0,1.0333333333333334,0.0,0.0
2017-07-17,0.0,0.0,0.0,0.0,0.0,0.0,0.0
2017-07-18,0.0,40.0,0.0,9.0,0.0,0.0,3.3
2017-07-19,0.0,5.0,0.0,3.0,0.0,0.0,0.0
2017-07-20,0.1,0.0,0.0,0.0,0.0,0.0,0.0
2017-07-21,0.0,0.0,0.0,0.0,0.0,0.0,0.0
2017-07-22,0.0,0.0,0.0,0.0,0.0,0.0,0.0
2017-07-23,0.0,6.0,0.0,0.0,0.0,0.0,0.0
2017-07-24,0.2,0.0,4.4,0.0,0.0,0.1,0.0
2017-07-25,0.0,0.0,0.0,0.0,0.0,0.0,0.0
2017-07-26,10.2,0.0,0.0,0.0,0.0,0.0,0.0
2017-07-27,0.0,0.0,0.0,0.0,0.0,0.0,0.0
2017-07-28,0.0,0.0,0.0,0.0,0.0,0.0,0.0
2017-07-29,0.1,0.0,0.0,0.0,0.0,0.0,0.0
2017-07-30,0.0,0.0,0.0,0.0,0.0,0.0,0.0
2017-07-31,0.3,0.0,0.0,0.0,0.0,0.0,0.0
2017-08-01,0.0,0.0,0.0,0.0,0.0,0.0,0.0
2017-08-02,0.0,0.0,0.0,0.0,0.0,0.0,0.0
2017-08-03,0.0,0.0,0.0,0.0,0.39999999999999997,0.0,3.4
2017-08-04,0.0,0.0,0.0,0.0,0.19999999999999998,0.0,0.0
2017-08-05,0.0,0.0,0.0,0.0,0.03333333333333333,0.2,0.0
2017-08-06,0.0,0.0,0.2,0.0,0.0,0.0,0.0
2017-08-07,0.0,0.0,0.0,0.0,0.0,0.0,0.0
2017-08-08,0.0,15.0,0.0,0.0,0.0,0.0,0.9
2017-08-09,12.7,0.0,6.7,0.0,0.0,0.3,0.0
2017-08-10,0.1,5.0,0.0,2.0,24.933333333333334,0.0,2.5
2017-08-11,4.5,0.0,0.7,0.0,37.4,0.6,3.1
2017-08-12,0.6,26.0,0.6,5.0,0.4,10.9,0.0
2017-08-13,0.0,0.0,0.0,0.0,0.0,0.0,0.0
2017-08-14,0.0,0.0,0.0,0.0,0.0,0.0,0.0
2017-08-15,0.0,0.0,0.0,0.0,0.0,0.0,0.0
2017-08-16,0.0,0.0,0.0,0.0,0.0,0.0,0.0
2017-08-17,0.0,14.0,0.0,3.0,2.8666666666666667,0.0,7.1
2017-08-18,17.3,1.0,0.9,3.0,3.033333333333333,0.9,2.2
2017-08-19,8.3,12.0,1.1,5.0,2.4,1.9,8.0
2017-08-20,9.0,10.0,4.1,0.0,1.0,1.3,0.8
2017-08-21,19.8,0.0,0.6,0.0,0.9,0.6,1.2
2017-08-22,4.9,0.0,0.3,0.0,1.6666666666666667,0.4,0.0
2017-08-23,0.0,0.0,0.1,0.0,0.0,0.2,0.0
2017-08-24,0.0,0.0,0.0,0.0,0.0,0.1,1.1
2017-08-25,0.0,0.0,0.4,0.0,0.0,0.0,0.0
2017-08-26,0.0,0.0,0.0,0.0,0.0,0.1,0.0
2017-08-27,19.5,0.0,0.0,0.0,0.39999999999999997,0.1,0.7
2017-08-28,0.9,0.0,0.3,0.0,0.3333333333333333,0.0,0.0
2017-08-29,0.3,17.0,2.2,25.0,9.133333333333333,0.1,0.0
2017-08-30,13.9,0.0,8.4,0.0,4.533333333333333,0.0,0.0
2017-08-31,0.0,0.0,0.0,0.0,0.0,0.0,0.0
2017-09-01,0.0,0.0,0.0,0.0,0.0,0.0,0.0
2017-09-02,0.0,0.0,0.0,0.0,0.0,0.0,0.0
2017-09-03,0.0,0.0,0.0,0.0,0.0,0.0,0.0
2017-09-04,0.0,0.0,0.0,0.0,0.0,0.0,0.0
2017-09-05,0.0,16.0,0.0,0.0,0.0,0.0,2.1
2017-09-06,1.9,26.0,0.1,50.0,39.666666666666664,0.0,14.8
2017-09-07,29.9,0.0,18.6,0.0,19.900000000000002,1.1,0.4
2017-09-08,0.6,5.0,0.3,20.0,8.166666666666666,0.8,31.0
2017-09-09,2.4,6.0,10.7,3.0,4.3999999999999995,0.6,1.8
2017-09-10,13.0,0.0,6.1,0.0,0.16666666666666666,0.5,0.0
2017-09-11,0.1,0.0,0.0,0.0,0.0,0.4,0.0
2017-09-12,0.0,14.0,0.0,9.0,2.733333333333333,0.3,2.2
2017-09-13,20.8,0.0,6.0,0.0,1.433333333333333,0.1,0.0
2017-09-14,0.0,27.0,0.0,6.0,5.5,0.2,31.8
2017-09-15,8.9,20.0,7.7,13.0,9.1,0.0,2.3
2017-09-16,17.2,0.0,7.9,0.0,1.2,0.3,0.0
2017-09-17,15.8,0.0,1.5,0.0,0.06666666666666667,0.9,0.0
2017-09-18,0.4,9.0,0.1,18.0,8.233333333333334,0.0,49.6
2017-09-19,3.3,0.0,12.0,0.0,4.1000000000000005,29.3,0.0
2017-09-20,0.1,0.0,0.0,0.0,0.0,0.0,0.0
2017-09-21,0.0,0.0,0.0,0.0,0.0,0.0,0.0
2017-09-22,0.0,5.0,0.4,7.0,6.6000000000000005,0.0,0.7
2017-09-23,13.7,49.0,12.1,32.0,16.766666666666666,0.2,39.2
2017-09-24,28.5,20.0,14.8,8.0,9.933333333333334,36.4,6.4
2017-09-25,29.5,0.0,24.3,0.0,1.5999999999999999,10.2,0.0
2017-09-26,0.6,0.0,0.1,0.0,0.0,0.0,0.0
2017-09-27,0.1,18.0,1.9,0.0,1.4666666666666668,0.0,0.0
2017-09-28,3.8,5.0,1.4,3.8,3.1333333333333333,0.0,0.3
2017-09-29,9.1,15.0,3.7,1.0,2.966666666666667,2.2,8.8
2017-09-30,14.7,2.0,4.2,15.0,8.4,3.3,5.7
2017-10-01,17.1,0.0,10.5,0.0,3.733333333333333,5.3,0.0
2017-10-02,0.1,0.0,0.0,0.0,0.0,0.0,2.4
2017-10-03,0.1,2.0,0.4,30.0,0.0,4.1,3.4
2017-10-04,21.7,67.0,3.4,4.0,5.2,4.0,6.9
2017-10-05,13.7,3.0,4.4,1.8,3.0,4.2,0.4
2017-10-06,1.0,0.0,0.6,0.0,0.19999999999999998,0.3,0.0
2017-10-07,0.4,0.0,0.0,0.0,0.0,0.1,0.0
2017-10-08,0.0,28.0,0.0,0.0,0.0,0.0,0.0
2017-10-09,3.0,0.0,0.0,10.0,7.533333333333334,0.0,0.0
2017-10-10,8.7,0.0,3.0,0.0,3.9,0.2,0.0
2017-10-11,0.0,3.0,0.6,3.0,2.9333333333333336,0.0,0.0
2017-10-12,1.4,0.0,2.0,0.0,2.2333333333333334,0.1,0.0
2017-10-13,0.6,8.0,0.0,0.0,0.39999999999999997,0.0,0.0
2017-10-14,15.5,0.0,0.0,0.0,0.0,0.0,0.0
2017-10-15,0.1,0.0,0.0,0.0,0.0,0.0,0.0
2017-10-16,0.0,0.0,0.0,0.0,0.0,0.0,0.0
2017-10-17,0.2,0.0,0.0,0.0,0.0,0.0,0.0
2017-10-18,0.0,25.0,0.0,4.0,0.26666666666666666,0.0,23.5
2017-10-19,0.9,0.0,26.3,0.0,0.13333333333333333,11.7,0.0
2017-10-20,0.0,0.0,0.0,0.0,0.03333333333333333,0.0,0.0
2017-10-21,0.0,0.0,0.0,0.0,0.0,0.0,0.0
2017-10-22,1.5,45.0,0.0,3.0,0.4666666666666666,0.0,1.5
2017-10-23,42.1,23.0,4.4,16.0,9.166666666666666,0.1,25.7
2017-10-24,22.5,3.0,17.3,2.0,5.2,17.1,1.9
2017-10-25,1.6,23.0,1.6,5.0,3.0999999999999996,0.7,18.5
2017-10-26,14.4,0.0,11.8,1.0,1.5,11.1,0.5
2017-10-27,0.2,15.0,0.4,40.0,13.533333333333331,0.3,8.2
2017-10-28,11.9,0.0,18.9,1.0,20.2,10.0,1.9
2017-10-29,0.0,0.0,0.1,0.0,0.1,0.4,0.0
2017-10-30,0.0,0.0,0.0,1.2,0.39999999999999997,0.0,0.0
2017-10-31,2.3,5.0,0.0,0.0,0.19999999999999998,0.0,0.0
2017-11-01,0.5,0.0,1.2,0.0,3.0,0.0,0.4
2017-11-02,0.1,2.0,0.6,1.0,1.8999999999999997,0.3,0.0
2017-11-03,0.3,25.0,6.9,18.0,8.533333333333333,0.1,26.1
2017-11-04,24.7,8.0,11.8,2.0,5.3999999999999995,15.7,2.1
2017-11-05,11.6,0.0,2.8,0.0,0.5333333333333333,1.5,0.0
2017-11-06,1.2,0.0,0.1,0.0,0.0,0.0,0.0
2017-11-07,0.0,0.0,0.0,2.0,2.066666666666667,0.0,0.0
2017-11-08,0.6,7.0,0.7,1.0,1.2333333333333332,0.0,0.0
2017-11-09,7.0,0.0,1.5,19.0,9.5,0.0,0.0
2017-11-10,0.5,0.0,23.0,0.0,4.7,0.2,0.0
2017-11-11,0.0,0.0,0.1,0.0,0.39999999999999997,0.0,1.3
2017-11-12,0.0,0.0,1.3,0.0,0.19999999999999998,1.6,0.0
2017-11-13,0.0,39.0,0.0,8.0,0.6,0.0,0.5
2017-11-14,5.5,65.0,10.8,109.0,39.36666666666667,1.5,74.8
2017-11-15,38.8,5.0,158.2,2.0,21.46666666666667,74.3,1.3
2017-11-16,3.9,24.0,1.0,6.0,2.8,11.1,7.1
2017-11-17,20.5,0.0,9.9,2.0,6.933333333333333,2.5,1.2
2017-11-18,1.9,4.0,3.2,0.0,4.366666666666666,4.4,0.0
2017-11-19,1.5,7.0,3.2,6.0,6.066666666666666,0.0,8.9
2017-11-20,12.9,11.0,6.3,0.0,2.4666666666666663,9.3,2.6
2017-11-21,1.3,0.0,8.3,1.0,0.26666666666666666,2.4,0.0
2017-11-22,0.1,0.0,0.0,0.0,0.03333333333333333,0.1,0.0
2017-11-23,0.0,5.0,0.0,11.0,3.733333333333333,0.0,2.9
2017-11-24,2.0,0.0,8.9,5.0,2.4,4.5,0.5
2017-11-25,0.5,10.0,3.5,0.0,0.3333333333333333,4.0,0.7
2017-11-26,2.0,0.0,0.0,0.0,0.03333333333333333,0.0,0.0
2017-11-27,0.0,0.0,0.0,0.0,7.533333333333334,0.0,0.0
2017-11-28,0.4,0.0,0.0,0.0,3.766666666666667,0.0,0.0
2017-11-29,0.2,0.0,0.7,1.0,2.8666666666666667,0.0,0.0
2017-11-30,4.0,0.0,0.2,0.0,1.4333333333333333,0.0,0.0
2017-12-01,0.0,9.0,0.0,10.0,5.2,0.0,12.2
2017-12-02,11.5,0.0,3.6,1.0,4.066666666666666,15.8,2.0
2017-12-03,0.2,0.0,1.1,0.0,0.7333333333333334,1.5,0.0
2017-12-04,1.0,0.0,0.1,0.0,0.06666666666666667,0.0,0.0
2017-12-05,0.2,0.0,0.0,0.0,0.03333333333333333,0.0,0.5
2017-12-06,0.1,0.0,0.0,0.0,0.0,0.1,0.0
2017-12-07,0.1,0.0,0.0,0.0,0.0,0.0,0.0
2017-12-08,0.1,2.0,0.0,0.0,0.0,0.0,7.5
2017-12-09,0.7,6.0,0.1,5.0,9.133333333333333,0.3,6.9
2017-12-10,13.0,0.0,4.0,17.0,12.299999999999999,4.3,1.8
2017-12-11,2.0,5.0,2.8,3.0,4.966666666666666,11.2,23.1
2017-12-12,11.3,10.0,3.4,2.0,1.6333333333333335,11.5,12.3
2017-12-13,5.8,0.0,2.3,0.0,0.6,1.5,0.0
2017-12-14,0.1,0.0,0.0,0.0,0.03333333333333333,0.0,0.0
2017-12-15,0.1,0.0,0.0,0.0,0.0,0.0,0.0
2017-12-16,0.1,0.0,0.0,0.0,0.0,0.0,0.0
2017-12-17,0.0,0.0,0.0,0.0,0.0,0.0,0.0
2017-12-18,0.1,0.0,0.0,0.0,0.0,0.0,0.0
2017-12-19,0.0,0.0,0.0,0.0,0.0,0.0,0.0
2017-12-20,0.0,0.0,0.0,0.0,0.0,0.0,0.0
2017-12-21,0.0,0.0,0.0,0.0,0.0,0.0,0.0
2017-12-22,0.0,0.0,0.0,0.0,0.0,0.0,0.0
2017-12-23,0.1,0.0,0.0,0.0,0.0,0.0,0.0
2017-12-24,0.0,2.0,0.0,12.0,0.0,0.0,6.6
2017-12-25,0.0,18.0,0.0,62.0,0.0,0.0,11.8
2017-12-26,4.1,1.0,0.0,3.0,6.433333333333333,7.1,3.7
2017-12-27,6.5,45.0,0.0,56.0,6.033333333333334,0.0,30.7
2017-12-28,38.0,27.0,0.0,12.0,5.966666666666666,0.0,31.6
2017-12-29,10.0,12.0,0.0,1.0,6.7,0.0,26.7
2017-12-30,2.3,17.0,0.0,1.0,6.3,0.0,1.4
2017-12-31,9.8,30.0,0.0,1.0,4.633333333333333,0.0,7.6
2018-01-01,11.2,45.0,0.0,2.0,3.0,0.0,37.9
2018-01-02,22.6,0.0,0.0,2.0,2.4,0.0,0.0
2018-01-03,3.1,19.0,0.0,1.0,2.466666666666667,0.0,0.8
2018-01-04,9.6,6.0,0.0,0.0,2.1,0.0,0.0
2018-01-05,21.0,0.0,1.6,0.0,1.7666666666666666,0.0,0.0
2018-01-06,0.2,0.0,1.7,0.0,1.6333333333333335,0.0,0.0
2018-01-07,0.1,0.0,5.6,0.0,1.5333333333333332,0.0,0.0
2018-01-08,1.2,7.0,32.4,3.0,1.3666666666666665,0.0,17.5
2018-01-09,2.1,20.0,0.1,0.0,1.1666666666666667,0.0,1.7
2018-01-10,4.7,0.0,4.2,0.0,1.2333333333333334,0.0,0.0
2018-01-11,0.2,0.0,0.1,0.0,1.1333333333333333,0.0,0.0
2018-01-12,0.1,2.0,0.4,0.0,1.0666666666666667,0.0,18.7
2018-01-13,1.6,7.0,0.4,0.0,1.1333333333333335,0.0,2.7
2018-01-14,5.8,10.0,10.6,12.0,0.9333333333333332,0.0,47.5
2018-01-15,5.0,6.0,0.9,0.0,0.8,0.0,4.6
2018-01-16,2.8,8.0,0.0,0.0,1.3,0.0,0.0
2018-01-17,4.2,10.0,10.6,1.0,1.3,0.2,0.0
2018-01-18,3.5,0.0,4.6,0.0,1.0,0.1,0.0
2018-01-19,1.1,0.0,0.0,1.0,0.26666666666666666,0.0,0.0
2018-01-20,0.6,0.0,0.0,0.0,0.0,0.0,0.0
2018-01-21,0.0,0.0,0.0,0.0,0.0,0.0,0.0
2018-01-22,0.0,5.0,0.0,1.0,0.6666666666666666,0.0,0.9
2018-01-23,4.6,0.0,1.5,0.0,0.3333333333333333,1.0,0.0
2018-01-24,0.0,0.0,0.1,0.0,0.0,0.0,0.0
2018-01-25,0.1,0.0,0.0,0.0,0.0,0.0,0.0
2018-01-26,0.0,0.0,0.0,0.0,0.0,0.0,0.0
2018-01-27,0.0,0.0,0.0,0.0,0.0,0.0,0.0
2018-01-28,0.0,0.0,0.0,0.0,0.0,0.0,0.0
2018-01-29,0.0,0.0,0.0,0.0,0.0,0.0,0.0
2018-01-30,0.3,0.0,0.0,0.0,0.0,0.0,0.0
2018-01-31,0.1,0.0,0.0,0.0,0.0,0.0,0.0
2018-02-01,0.0,6.0,0.3,19.0,5.2,0.0,3.5
2018-02-02,20.2,2.0,9.2,0.0,2.733333333333333,4.9,0.3
2018-02-03,4.2,0.0,0.3,0.0,0.06666666666666667,0.3,0.0
2018-02-04,0.0,0.0,0.0,1.0,1.0666666666666667,0.0,0.3
2018-02-05,0.0,0.0,0.0,0.0,0.6666666666666666,2.4,0.0
2018-02-06,7.0,0.0,0.0,0.0,0.2,0.1,0.0
2018-02-07,0.0,0.0,0.0,0.0,0.0,0.0,0.0
2018-02-08,0.0,0.0,0.0,6.0,11.799999999999999,0.1,7.0
2018-02-09,1.1,0.0,0.2,0.0,35.166666666666664,0.1,0.0
2018-02-10,3.0,3.0,0.0,0.0,43.9,0.0,0.0
2018-02-11,9.0,0.0,10.0,0.0,16.03333333333333,2.0,1.1
2018-02-12,0.3,0.0,0.1,0.0,1.5,0.2,0.0
2018-02-13,0.0,0.0,0.0,0.0,0.7000000000000001,0.0,0.0
2018-02-14,0.0,16.0,0.0,6.0,17.866666666666667,0.0,5.4
2018-02-15,11.4,2.0,14.0,0.0,9.2,3.5,0.4
2018-02-16,1.4,0.0,0.3,0.0,0.09999999999999999,0.3,0.0
2018-02-17,0.1,0.0,1.1,0.0,1.0666666666666667,0.0,9.0
2018-02-18,5.2,9.0,0.0,9.0,11.333333333333334,0.9,4.4
2018-02-19,6.6,0.0,4.3,1.0,5.466666666666668,2.2,1.4
2018-02-20,0.6,0.0,0.0,3.0,0.03333333333333333,0.4,0.0
2018-02-21,0.0,0.0,0.0,1.0,0.0,0.0,0.0
2018-02-22,0.1,0.0,0.0,2.0,2.466666666666667,0.0,0.0
2018-02-23,3.7,10.0,6.3,2.0,4.7,0.0,0.7
2018-02-24,2.0,0.0,2.8,1.0,2.5333333333333337,1.5,1.0
2018-02-25,0.3,1.0,2.7,0.0,0.4333333333333334,1.0,0.0
2018-02-26,5.5,0.0,0.0,0.0,0.03333333333333333,0.0,0.0
2018-02-27,0.1,0.0,0.0,0.0,0.0,0.0,0.0
2018-02-28,0.0,0.0,0.0,0.0,0.0,0.0,0.0
2018-03-01,0.0,2.0,0.0,1.0,6.333333333333333,0.0,1.0
2018-03-02,0.4,4.0,0.7,2.0,3.9666666666666663,0.2,29.2
2018-03-03,3.7,0.0,3.8,0.0,0.19999999999999998,0.1,1.8
2018-03-04,5.6,0.0,0.0,0.0,0.0,1.7,0.0
2018-03-05,2.3,0.0,0.0,1.0,0.13333333333333333,0.0,0.0
2018-03-06,4.7,0.0,0.0,0.0,0.06666666666666667,0.0,0.4
2018-03-07,0.0,0.0,0.0,0.0,0.0,0.0,0.0
2018-03-08,0.0,0.0,0.1,0.0,0.0,0.0,0.0
2018-03-09,0.3,0.0,0.0,0.0,0.0,0.0,0.0
2018-03-10,0.1,0.0,0.0,0.0,0.0,0.0,0.0
2018-03-11,0.1,0.0,0.0,0.0,0.0,0.0,0.0
2018-03-12,0.0,0.0,0.0,0.0,0.0,0.0,0.0
2018-03-13,0.0,0.0,0.0,0.0,0.0,0.0,0.0
2018-03-14,0.0,0.0,0.0,0.0,0.0,0.0,0.0
2018-03-15,0.0,0.0,0.0,0.0,0.0,0.0,0.0
2018-03-16,3.4,0.0,0.0,0.0,0.0,0.0,0.0
2018-03-17,0.2,0.0,0.0,0.0,0.0,0.0,0.0
2018-03-18,0.0,8.0,0.0,5.0,0.6,0.0,0.3
2018-03-19,1.1,28.0,1.9,2.0,2.033333333333333,0.0,1.0
2018-03-20,2.8,23.0,4.3,20.0,7.466666666666666,3.2,18.1
2018-03-21,24.9,3.0,3.9,0.0,3.233333333333333,5.1,0.0
2018-03-22,10.2,0.0,0.4,0.0,0.0,1.6,0.0
2018-03-23,0.1,9.0,0.0,1.0,3.1999999999999997,0.0,26.3
2018-03-24,6.1,0.0,1.7,0.0,2.2666666666666666,5.6,0.6
2018-03-25,2.5,7.0,6.1,1.0,0.6666666666666666,0.4,0.0
2018-03-26,5.4,2.0,1.2,3.0,1.0333333333333334,0.0,0.0
2018-03-27,9.7,0.0,5.5,10.0,1.2333333333333334,0.4,0.0
2018-03-28,4.9,0.0,8.4,1.0,0.39999999999999997,4.6,0.0
2018-03-29,2.4,67.0,16.1,1.0,0.06666666666666667,0.0,0.4
2018-03-30,29.9,45.0,1.2,43.0,28.566666666666663,0.5,22.3
2018-03-31,22.5,5.0,53.6,0.0,15.6,9.8,0.9
2018-04-01,6.7,2.0,2.2,1.0,1.4000000000000001,0.6,23.6
2018-04-02,6.5,0.0,1.4,3.0,2.3333333333333335,4.5,5.9
2018-04-03,17.2,21.0,1.7,48.6,38.833333333333336,4.8,22.7
2018-04-04,3.5,5.0,19.0,3.6,20.266666666666666,22.9,4.4
2018-04-05,1.5,7.0,2.0,45.0,42.46666666666667,2.0,1.8
2018-04-06,3.4,6.0,4.1,0.0,21.166666666666664,15.3,0.0
2018-04-07,15.6,3.0,1.3,0.0,0.09999999999999999,0.1,0.0
2018-04-08,2.0,0.0,0.0,0.2,0.06666666666666667,0.0,0.0
2018-04-09,0.0,9.0,0.0,12.0,9.799999999999999,0.0,7.0
2018-04-10,3.2,2.0,8.3,1.0,7.766666666666667,12.2,24.2
2018-04-11,4.4,18.0,5.6,12.0,4.733333333333333,1.9,11.2
2018-04-12,19.5,0.0,37.6,5.0,3.866666666666667,2.2,4.0
2018-04-13,2.1,28.0,2.0,0.0,5.1000000000000005,1.7,8.0
2018-04-14,13.2,0.0,25.8,0.2,2.1333333333333333,5.3,0.0
2018-04-15,0.1,4.0,0.0,1.0,0.0,0.0,0.0
2018-04-16,7.3,0.0,0.3,0.0,0.0,0.0,0.0
2018-04-17,0.0,30.0,0.0,14.0,3.8000000000000003,0.0,1.3
2018-04-18,4.8,0.0,76.6,0.0,1.8666666666666665,3.3,0.0
2018-04-19,0.1,5.0,0.0,3.0,3.6,0.0,1.8
2018-04-20,6.6,0.0,2.8,1.0,1.8,1.3,0.0
2018-04-21,0.0,0.0,0.0,0.0,0.0,0.0,0.0
2018-04-22,0.1,6.0,0.0,0.0,0.0,0.0,0.0
2018-04-23,2.2,10.0,0.0,5.0,4.666666666666667,0.7,1.3
2018-04-24,1.6,0.0,3.0,0.0,2.2333333333333334,11.1,0.0
2018-04-25,0.2,3.0,0.0,2.0,3.8000000000000003,0.0,0.0
2018-04-26,8.2,0.0,1.3,0.0,1.9000000000000001,3.3,0.0
2018-04-27,0.1,2.0,0.0,0.0,1.1333333333333333,0.0,0.5
2018-04-28,2.0,0.0,0.7,2.0,0.6333333333333334,0.2,0.6
2018-04-29,0.8,22.0,0.0,18.0,10.166666666666666,0.7,19.1
2018-04-30,6.2,21.0,21.6,0.0,9.0,14.0,0.0
2018-05-01,10.5,0.0,0.2,3.0,2.8333333333333335,0.3,0.0
2018-05-02,0.6,1.0,0.5,0.0,0.43333333333333335,0.0,0.0
2018-05-03,42.5,0.0,2.0,0.0,0.0,0.0,18.6
2018-05-04,0.1,7.0,0.0,4.0,3.266666666666667,18.5,31.6
2018-05-05,12.8,0.0,3.5,0.0,2.233333333333334,19.9,0.0
2018-05-06,0.2,21.0,0.8,25.6,40.43333333333334,0.0,21.5
2018-05-07,22.8,16.0,18.6,18.0,27.266666666666666,14.3,5.8
2018-05-08,25.4,20.0,10.0,7.0,6.333333333333333,9.0,53.6
2018-05-09,1.5,15.0,13.3,4.0,4.366666666666666,14.4,4.2
2018-05-10,14.8,0.0,15.0,0.0,1.6333333333333335,2.6,0.0
2018-05-11,0.2,0.0,4.3,0.2,0.0,0.0,0.0
2018-05-12,0.2,2.0,0.0,0.0,0.06666666666666667,0.0,0.0
2018-05-13,0.0,5.0,0.7,0.0,0.7666666666666667,0.0,2.8
2018-05-14,9.4,2.0,0.4,1.0,2.566666666666667,2.9,2.3
2018-05-15,12.4,0.0,1.2,0.0,1.1666666666666667,1.0,0.0
2018-05-16,0.0,0.0,0.0,0.0,0.1,0.0,0.0
2018-05-17,1.4,0.0,0.0,5.0,5.466666666666666,0.0,3.4
2018-05-18,15.7,70.0,6.6,0.0,7.933333333333334,0.0,20.6
2018-05-19,21.3,7.0,20.4,3.0,3.1999999999999997,14.6,0.2
2018-05-20,3.9,14.0,2.3,0.2,1.6666666666666663,0.0,0.0
2018-05-21,2.0,5.0,0.1,4.0,0.9,0.0,0.5
2018-05-22,2.8,0.0,10.3,0.0,0.5000000000000001,0.5,0.0
2018-05-23,0.0,35.0,0.1,2.0,1.1,0.0,0.8
2018-05-24,49.7,0.0,10.0,0.2,0.5333333333333333,1.0,0.0
2018-05-25,0.2,17.0,0.0,0.0,0.1,0.0,28.1
2018-05-26,18.7,5.0,3.2,0.0,0.0,0.1,3.1
2018-05-27,2.2,10.0,4.2,27.0,28.5,9.1,7.5
2018-05-28,15.0,17.0,12.5,4.0,16.166666666666664,0.0,0.8
2018-05-29,16.1,11.0,3.0,11.0,5.233333333333333,0.6,0.0
2018-05-30,4.3,0.0,11.5,1.0,2.066666666666667,0.0,0.0
2018-05-31,0.2,39.0,0.5,2.0,3.0,0.2,2.9
2018-06-01,20.7,0.0,7.6,0.0,1.5666666666666664,0.0,1.0
2018-06-02,0.6,0.0,0.2,0.0,0.3,0.1,0.0
2018-06-03,0.4,3.0,0.0,0.2,1.1333333333333333,0.0,0.0
2018-06-04,0.1,0.0,0.4,0.2,0.6333333333333333,0.0,0.0
2018-06-05,0.8,0.0,0.1,1.0,0.39999999999999997,0.0,6.8
2018-06-06,12.4,0.0,0.3,0.0,0.2333333333333333,0.0,0.0
2018-06-07,2.0,0.0,0.0,0.0,0.03333333333333333,0.0,0.0
2018-06-08,0.1,0.0,0.0,0.0,0.0,0.0,0.0
2018-06-09,0.1,10.0,0.0,0.0,29.0,0.0,0.8
2018-06-10,1.7,3.0,21.6,1.0,16.966666666666665,0.0,7.4
2018-06-11,5.8,0.0,1.1,0.0,0.9,0.0,0.0
2018-06-12,0.1,0.0,0.0,0.0,0.03333333333333333,0.0,0.0
2018-06-13,0.0,1.0,0.0,1.0,0.7333333333333334,0.0,1.4
2018-06-14,1.4,0.0,1.1,0.0,0.3666666666666667,0.0,0.0
2018-06-15,13.3,0.0,0.0,0.0,4.0,0.1,0.0
2018-06-16,0.2,0.0,0.4,0.0,2.0,0.0,0.0
2018-06-17,0.1,0.0,0.1,0.0,0.0,0.0,0.0
2018-06-18,0.1,0.0,0.0,0.0,0.0,0.0,0.0
2018-06-19,0.0,0.0,0.0,0.0,0.0,0.0,0.0
2018-06-20,0.1,0.0,0.0,0.0,0.06666666666666667,0.0,0.0
2018-06-21,0.1,0.0,0.0,0.0,0.1,0.0,0.0
2018-06-22,0.0,0.0,0.0,0.0,0.0,0.0,0.0
2018-06-23,0.0,0.0,0.0,0.0,0.0,0.0,0.0
2018-06-24,0.0,0.0,0.1,0.0,0.06666666666666667,0.0,0.0
2018-06-25,0.1,2.0,0.0,0.0,0.13333333333333333,0.0,0.0
2018-06-26,3.0,0.0,0.0,0.0,0.16666666666666666,0.0,0.0
2018-06-27,0.0,23.0,0.1,28.0,0.2,0.0,16.7
2018-06-28,16.1,9.0,11.4,15.0,11.4,0.0,1.1
2018-06-29,3.5,2.0,5.6,4.0,2.1,0.0,0.0
2018-06-30,2.3,0.0,0.6,0.0,3.3,0.0,0.0
2018-07-01,0.4,3.0,0.3,1.0,0.4,0.0,0.0
2018-07-02,10.1,2.0,0.9,0.0,6.6,0.0,0.0
2018-07-03,0.6,0.0,0.0,0.0,0.0,0.0,0.0
2018-07-04,0.0,0.0,0.0,0.0,0.0,0.0,0.0
2018-07-05,0.0,0.0,0.0,0.0,0.0,0.0,0.0
2018-07-06,0.0,1.0,0.0,0.0,0.0,0.0,0.0
2018-07-07,0.3,0.0,0.0,0.0,0.0,0.0,0.0
2018-07-08,0.1,0.0,0.0,0.0,0.0,0.0,0.0
2018-07-09,0.0,0.0,0.0,0.0,0.0,0.0,0.0
2018-07-10,0.0,3.0,0.0,13.0,10.733333333333334,0.0,0.0
2018-07-11,10.5,0.0,3.6,0.0,5.366666666666667,0.0,0.0
2018-07-12,0.0,0.0,0.0,0.0,0.0,0.0,0.0
2018-07-13,0.0,0.0,0.0,0.0,0.0,0.0,0.0
2018-07-14,0.1,3.0,0.0,0.0,0.0,0.0,0.0
2018-07-15,0.0,0.0,0.0,0.0,0.1,0.0,0.0
2018-07-16,0.0,1.0,0.0,0.0,0.0,0.0,0.3
2018-07-17,0.0,0.0,1.4,0.0,0.0,0.0,0.0
2018-07-18,0.7,0.0,0.0,0.0,0.0,0.0,0.0
2018-07-19,0.0,0.0,0.0,0.0,0.0,0.0,0.0
2018-07-20,4.7,0.0,0.0,0.0,0.0,0.0,0.0
2018-07-21,0.1,0.0,0.0,0.0,0.1,0.0,0.0
2018-07-22,0.0,0.0,0.0,0.0,0.0,0.0,0.0
2018-07-23,0.0,14.0,0.0,20.0,12.6,0.0,5.8
2018-07-24,8.5,6.0,14.0,2.0,7.933333333333334,0.0,0.9
2018-07-25,4.7,0.0,2.9,1.0,0.6666666666666666,0.0,1.5
2018-07-26,1.6,8.0,0.3,3.0,2.766666666666667,0.0,0.0
2018-07-27,1.6,12.0,0.5,3.0,1.3333333333333333,0.0,5.5
2018-07-28,1.4,0.0,14.5,0.0,0.03333333333333333,0.0,0.0
2018-07-29,0.1,1.0,0.0,0.0,9.266666666666667,0.0,0.5
2018-07-30,2.3,27.0,0.6,21.0,14.0,0.0,29.3
2018-07-31,16.5,0.0,21.2,0.0,1.0666666666666667,0.0,0.2
2018-08-01,0.7,12.0,0.2,13.0,2.1333333333333333,0.0,1.5
2018-08-02,3.3,0.0,12.0,0.0,1.6000000000000003,0.0,0.0
2018-08-03,0.1,2.0,0.0,1.0,0.6333333333333333,0.0,3.3
2018-08-04,0.3,6.0,1.7,10.0,0.26666666666666666,0.0,8.9
2018-08-05,7.9,0.0,3.3,0.0,0.2,0.0,0.0
2018-08-06,0.3,0.0,0.0,0.0,0.2,0.0,0.0
2018-08-07,0.0,0.0,0.0,0.0,0.0,0.0,0.0
2018-08-08,0.0,0.0,0.0,0.0,0.0,0.0,0.0
2018-08-09,0.0,0.0,0.0,0.0,0.1,0.0,0.0
2018-08-10,0.0,0.0,0.0,0.0,0.0,0.0,0.0
2018-08-11,0.0,0.0,0.0,0.0,0.0,0.0,0.0
2018-08-12,0.0,2.0,0.0,0.0,0.0,0.0,0.0
2018-08-13,0.1,0.0,0.0,0.0,0.0,0.0,0.0
2018-08-14,1.2,0.0,0.2,1.0,0.0,0.0,0.0
2018-08-15,2.1,0.0,0.5,0.0,0.2,0.0,0.0
2018-08-16,0.1,0.0,0.0,0.0,0.0,0.0,0.0
2018-08-17,0.0,0.0,0.0,0.0,0.0,0.0,0.0
2018-08-18,0.0,0.0,0.0,0.0,0.0,0.0,10.6
2018-08-19,0.0,0.0,0.0,0.0,0.0,0.0,0.0
2018-08-20,0.0,0.0,0.0,0.0,0.0,0.0,0.0
2018-08-21,0.4,0.0,0.0,0.0,0.0,0.0,0.0
2018-08-22,0.0,0.0,0.0,0.0,0.0,0.0,0.0
2018-08-23,0.0,0.0,0.0,0.0,0.0,0.0,0.0
2018-08-24,0.0,0.0,1.0,0.0,0.0,0.0,0.0
2018-08-25,1.0,0.0,0.0,0.0,0.0,0.0,0.0
2018-08-26,0.0,0.0,0.1,0.0,0.0,0.0,0.5
2018-08-27,0.0,0.0,0.0,0.0,0.0,0.0,0.0
2018-08-28,0.0,0.0,0.0,0.0,0.0,0.0,9.5
2018-08-29,0.0,0.0,0.1,0.0,0.1,0.0,1.0
2018-08-30,0.2,0.0,0.1,0.0,0.0,0.0,0.0
2018-08-31,0.3,0.0,0.0,0.0,0.0,0.0,0.0
2018-09-01,0.0,0.0,0.0,0.0,0.0,0.0,0.0
2018-09-02,0.0,0.0,0.0,0.0,0.0,0.0,10.6
2018-09-03,0.1,0.0,0.7,0.0,0.0,0.0,0.0
2018-09-04,0.1,2.0,0.0,0.0,0.0,0.0,0.7
2018-09-05,0.2,0.0,0.5,0.0,0.0,0.0,0.0
2018-09-06,0.2,0.0,0.0,0.0,0.0,0.0,0.0
2018-09-07,0.0,0.0,0.1,0.0,0.0,0.0,0.0
2018-09-08,2.3,0.0,0.1,0.0,0.0,0.0,0.0
2018-09-09,0.0,0.0,0.0,0.0,0.0,0.0,0.0
2018-09-10,0.1,0.0,0.0,0.0,0.0,0.0,0.0
2018-09-11,0.0,0.0,0.0,0.0,0.0,0.0,0.0
2018-09-12,0.0,10.0,0.0,0.0,0.0,0.0,0.0
2018-09-13,13.7,20.0,3.8,21.0,0.0,0.0,4.0
2018-09-14,25.9,19.0,17.6,2.0,0.0,0.0,4.2
2018-09-15,3.7,15.0,2.0,5.0,0.0,0.0,7.3
2018-09-16,4.0,0.0,4.5,2.0,0.0,0.0,1.1
2018-09-17,1.0,0.0,1.5,0.0,0.0,0.0,0.0
2018-09-18,0.0,0.0,0.0,0.0,0.0,0.0,0.0
2018-09-19,0.1,0.0,0.0,0.0,0.0,0.0,0.0
2018-09-20,0.0,0.0,0.0,0.0,0.0,0.0,0.0
2018-09-21,0.0,0.0,0.0,0.0,0.0,0.0,0.0
2018-09-22,0.0,0.0,0.0,0.0,0.0,0.0,0.0
2018-09-23,0.0,0.0,0.0,0.0,0.0,0.0,0.0
2018-09-24,0.0,0.0,0.0,0.0,0.0,0.0,0.0
2018-09-25,0.0,0.0,0.0,0.0,0.0,0.0,0.0
2018-09-26,0.0,35.0,0.0,0.0,0.0,0.0,4.4
2018-09-27,20.6,0.0,7.1,0.0,0.06666666666666667,0.0,0.0
2018-09-28,3.4,0.0,0.0,0.0,0.03333333333333333,0.0,0.0
2018-09-29,0.1,0.0,0.0,0.0,0.0,0.0,0.0
2018-09-30,0.0,0.0,0.0,0.0,0.7333333333333334,0.0,0.6
2018-10-01,0.2,0.0,0.2,0.0,1.1,0.0,0.0
2018-10-02,0.1,0.0,0.0,0.0,0.3666666666666667,0.0,0.0
2018-10-03,0.0,22.0,0.0,23.0,2.8666666666666667,0.0,18.8
2018-10-04,14.4,25.0,10.2,6.0,6.366666666666667,0.0,6.3
2018-10-05,16.0,0.0,4.1,0.0,4.433333333333334,0.0,0.3
2018-10-06,0.0,0.0,0.4,0.0,0.9666666666666667,0.0,0.0
2018-10-07,0.0,0.0,0.0,10.0,1.4666666666666668,0.0,11.2
2018-10-08,17.0,12.0,32.0,0.0,1.0999999999999999,0.0,0.5
2018-10-09,0.6,3.0,0.2,1.0,0.4666666666666666,0.0,0.0
2018-10-10,1.6,7.0,3.7,22.0,0.5,0.0,11.2
2018-10-11,15.7,0.0,17.7,0.0,0.4000000000000001,4.1,1.2
2018-10-12,2.6,0.0,0.1,0.0,0.3333333333333333,8.1,0.0
2018-10-13,0.0,0.0,0.0,0.0,0.2333333333333333,0.0,0.0
2018-10-14,0.0,0.0,0.0,0.0,0.20000000000000004,0.0,0.0
2018-10-15,0.0,0.0,0.0,0.0,0.06666666666666667,0.0,0.0
2018-10-16,0.0,0.0,0.0,0.0,0.0,0.0,0.0
2018-10-17,2.6,0.0,0.0,0.0,0.0,0.0,0.0
2018-10-18,0.2,7.0,0.0,0.0,0.0,0.0,1.0
2018-10-19,1.4,9.0,0.9,22.0,0.06666666666666667,1.5,1.9
2018-10-20,7.5,10.0,8.1,23.0,0.2333333333333333,3.8,6.0
2018-10-21,9.2,11.0,2.6,3.0,0.3,2.1,1.0
2018-10-22,13.4,2.0,2.6,1.0,0.3,2.8,0.5
2018-10-23,4.1,0.0,0.7,0.0,0.3,0.3,1.3
2018-10-24,11.1,0.0,0.2,0.0,0.2333333333333333,0.5,0.0
2018-10-25,2.1,0.0,2.0,4.0,0.13333333333333333,0.0,7.5
2018-10-26,5.7,0.0,0.1,1.0,0.16666666666666666,6.0,15.4
2018-10-27,0.6,0.0,0.8,0.0,0.06666666666666667,6.3,0.0
2018-10-28,1.4,0.0,0.3,0.0,0.03333333333333333,0.0,0.0
2018-10-29,0.0,0.0,0.1,5.0,0.39999999999999997,0.3,51.4
2018-10-30,4.7,10.0,3.8,3.0,0.4666666666666666,23.9,0.0
2018-10-31,1.9,9.0,14.3,0.0,0.4000000000000001,2.1,0.0
2018-11-01,14.2,18.0,3.9,1.0,0.26666666666666666,0.0,6.1
2018-11-02,21.7,9.0,9.5,5.0,0.13333333333333333,5.6,2.6
2018-11-03,12.1,21.0,5.5,4.0,0.2333333333333333,2.3,3.1
2018-11-04,14.4,3.0,5.6,2.0,0.2333333333333333,1.4,3.9
2018-11-05,4.9,0.0,0.3,2.0,0.2333333333333333,17.7,7.9
2018-11-06,5.0,0.0,1.1,0.0,0.13333333333333333,3.9,0.0
2018-11-07,0.4,0.0,0.0,0.0,0.10000000000000002,0.1,0.0
2018-11-08,0.0,7.0,0.0,2.0,0.10000000000000002,0.0,3.5
2018-11-09,4.0,0.0,6.8,0.0,0.10000000000000002,3.1,1.6
2018-11-10,0.3,1.0,0.1,12.0,0.16666666666666666,0.0,0.5
2018-11-11,0.1,21.0,0.7,0.0,0.20000000000000004,0.0,0.0
2018-11-12,1.1,0.0,1.9,0.0,0.20000000000000004,0.0,0.0
2018-11-13,0.1,2.0,0.0,20.0,0.13333333333333333,0.0,4.0
2018-11-14,0.4,0.0,7.5,0.0,0.10000000000000002,1.2,0.0
2018-11-15,0.1,0.0,0.0,0.0,0.10000000000000002,0.1,0.0
2018-11-16,0.0,0.0,0.0,0.0,0.03333333333333333,0.0,0.3
2018-11-17,0.0,0.0,0.0,0.0,0.06666666666666667,0.0,1.5
2018-11-18,0.0,15.0,3.5,0.0,0.03333333333333333,1.0,17.8
2018-11-19,10.6,8.0,11.2,31.0,0.03333333333333333,17.9,4.6
2018-11-20,6.1,12.0,16.9,7.0,0.1,11.1,19.5
2018-11-21,4.6,0.0,6.0,3.0,0.06666666666666667,12.3,0.8
2018-11-22,0.0,2.0,2.3,0.0,0.03333333333333333,0.1,0.0
2018-11-23,2.4,0.0,0.3,0.0,0.13333333333333333,0.0,0.8
2018-11-24,1.7,0.0,0.3,0.0,0.3666666666666667,0.5,4.9
2018-11-25,8.4,0.0,0.6,0.0,0.16666666666666666,0.5,0.0
2018-11-26,1.3,28.0,0.0,25.0,25.266666666666666,0.0,33.7
2018-11-27,30.3,7.0,31.1,9.0,15.899999999999999,36.9,8.8
2018-11-28,3.8,0.0,8.0,0.0,1.6333333333333335,24.7,0.0
2018-11-29,0.2,5.0,0.0,15.0,10.533333333333333,0.0,3.0
2018-11-30,1.8,12.0,1.9,21.0,17.866666666666667,6.8,2.9
2018-12-01,9.8,14.0,5.2,9.0,13.066666666666668,2.3,0.8
2018-12-02,2.2,0.0,0.5,0.0,3.4,0.0,0.0
2018-12-03,0.6,0.0,0.0,0.0,0.3333333333333333,0.0,0.0
2018-12-04,0.0,0.0,0.4,0.0,0.2333333333333333,0.0,0.0
2018-12-05,1.1,25.0,0.3,30.0,37.76666666666667,0.0,24.2
2018-12-06,16.4,0.0,23.9,9.0,45.800000000000004,24.9,4.1
2018-12-07,0.2,0.0,4.4,0.0,13.466666666666667,3.2,0.2
2018-12-08,0.6,0.0,0.0,0.0,0.26666666666666666,0.0,0.2
2018-12-09,0.8,0.0,0.0,0.0,0.13333333333333333,0.0,0.0
2018-12-10,0.0,0.0,0.0,0.0,0.0,0.0,0.0
2018-12-11,0.1,0.0,0.0,0.0,0.06666666666666667,0.0,0.0
2018-12-12,0.7,0.0,0.1,0.0,0.03333333333333333,0.0,1.5
2018-12-13,0.0,0.0,0.0,0.0,0.19999999999999998,2.1,0.7
2018-12-14,0.7,2.0,0.1,0.0,0.09999999999999999,1.0,0.0
2018-12-15,12.1,0.0,0.7,0.0,0.0,0.1,0.0
2018-12-16,0.2,0.0,0.0,0.0,0.0,0.0,0.0
2018-12-17,0.0,0.0,0.0,0.0,0.0,0.0,0.0
2018-12-18,0.0,0.0,0.0,0.0,0.0,0.0,0.0
2018-12-19,0.0,0.0,0.0,0.0,0.13333333333333333,0.0,0.0
2018-12-20,0.0,0.0,0.0,0.0,0.06666666666666667,0.0,0.0
2018-12-21,1.1,0.0,0.0,0.0,0.06666666666666667,0.0,0.0
2018-12-22,0.6,0.0,0.0,0.0,0.03333333333333333,0.0,0.0
2018-12-23,0.1,0.0,0.0,0.0,1.4000000000000001,0.0,0.0
2018-12-24,0.3,0.0,0.1,0.0,0.7000000000000001,0.0,0.0
2018-12-25,0.1,0.0,0.0,0.0,0.0,0.0,0.0
2018-12-26,0.0,0.0,0.0,0.0,0.0,0.0,0.0
2018-12-27,0.0,0.0,0.0,0.0,0.0,0.0,0.0
2018-12-28,0.0,0.0,0.0,0.0,0.0,0.0,0.0
2018-12-29,0.0,0.0,0.0,0.0,0.0,0.0,0.0
2018-12-30,0.0,0.0,0.0,0.0,0.0,0.0,0.0
2018-12-31,0.0,0.0,0.0,0.0,0.0,0.0,0.0
2019-01-01,0.0,0.0,0.0,0.0,0.0,0.0,0.0
2019-01-02,0.0,0.0,0.0,0.0,0.0,0.0,0.0
2019-01-03,0.0,0.0,0.0,0.0,0.0,0.0,0.0
2019-01-04,0.0,0.0,0.0,0.0,0.0,0.0,0.0
2019-01-05,0.0,0.0,0.0,0.0,0.0,0.0,0.0
2019-01-06,0.0,0.0,3.5,0.0,0.0,0.0,1.6
2019-01-07,0.3,9.0,0.6,1.0,1.6666666666666667,5.7,5.2
2019-01-08,15.4,10.0,0.7,9.0,6.433333333333334,0.3,13.3
2019-01-09,1.9,18.0,6.6,9.0,8.733333333333334,5.3,1.4
2019-01-10,12.8,0.0,7.0,0.0,2.8333333333333335,0.4,1.0
2019-01-11,3.7,0.0,0.1,0.0,0.0,0.6,0.0
2019-01-12,0.0,0.0,0.0,0.0,0.0,0.0,0.0
2019-01-13,0.0,5.0,0.0,6.0,4.866666666666666,0.0,1.0
2019-01-14,5.2,2.0,7.3,0.0,3.3666666666666667,1.3,0.1
2019-01-15,12.4,0.0,0.0,0.0,0.4666666666666666,0.1,0.0
2019-01-16,0.0,0.0,0.0,0.0,0.0,0.0,0.0
2019-01-17,0.0,0.0,0.0,0.0,0.0,0.0,0.0
2019-01-18,0.0,0.0,0.0,0.0,0.06666666666666667,0.0,0.0
2019-01-19,0.0,17.0,1.0,0.0,0.03333333333333333,0.0,11.7
2019-01-20,9.1,0.0,0.5,0.0,0.0,14.6,0.0
2019-01-21,0.4,0.0,0.1,0.0,0.0,0.0,0.0
2019-01-22,0.0,0.0,0.0,0.0,0.0,0.0,0.0
2019-01-23,0.1,0.0,0.0,0.0,0.0,0.0,0.0
2019-01-24,0.0,0.0,0.0,0.0,0.0,0.0,0.0
2019-01-25,0.2,0.0,0.0,0.0,0.0,0.0,0.0
2019-01-26,0.0,0.0,0.0,0.0,0.0,0.0,0.0
2019-01-27,0.1,0.0,0.0,0.0,0.0,0.0,0.0
2019-01-28,0.0,0.0,0.0,0.0,0.0,4.7,1.5
2019-01-29,6.3,0.0,0.0,0.0,0.0,0.2,0.0
2019-01-30,0.0,0.0,0.0,0.0,0.0,0.0,0.0
2019-01-31,0.5,4.0,0.0,4.0,8.733333333333333,0.0,0.5
2019-02-01,2.9,0.0,2.9,1.0,5.033333333333333,0.5,0.6
2019-02-02,0.9,2.0,0.2,1.0,2.6,0.5,0.0
2019-02-03,0.8,0.0,1.8,0.0,1.1666666666666667,0.2,0.0
2019-02-04,0.0,0.0,0.0,0.0,0.03333333333333333,0.0,0.0
2019-02-05,0.0,0.0,0.0,0.0,0.0,0.0,0.0
2019-02-06,0.0,1.0,0.0,0.0,0.0,0.0,1.4
2019-02-07,25.2,24.0,0.8,0.0,15.666666666666666,11.7,21.8
2019-02-08,23.0,0.0,12.8,0.0,10.366666666666667,19.9,0.8
2019-02-09,6.2,32.0,15.8,3.0,4.266666666666667,2.5,2.2
2019-02-10,24.2,10.0,3.0,0.0,1.5666666666666664,0.0,0.2
2019-02-11,14.2,5.0,0.0,0.0,0.9666666666666667,0.0,9.9
2019-02-12,5.3,0.0,0.2,0.0,0.4666666666666666,10.6,0.0
2019-02-13,0.1,0.0,0.4,0.0,0.0,0.0,0.0
2019-02-14,0.0,0.0,0.0,0.0,0.0,0.0,0.0
2019-02-15,0.0,0.0,0.0,0.0,0.0,0.0,0.0
2019-02-16,0.0,0.0,0.0,64.0,13.933333333333332,0.0,0.0
2019-02-17,15.9,40.0,23.7,4.0,23.433333333333334,0.0,2.7
2019-02-18,8.4,5.0,3.9,0.0,9.200000000000001,2.1,0.0
2019-02-19,1.7,9.0,0.0,23.0,3.4,0.5,12.9
2019-02-20,5.3,0.0,12.4,0.0,3.033333333333333,15.9,0.8
2019-02-21,0.4,0.0,0.0,0.0,2.5,0.0,0.0
2019-02-22,0.7,20.0,0.0,0.0,1.5666666666666667,0.0,3.7
2019-02-23,0.0,10.0,0.0,2.0,0.7666666666666667,11.7,2.8
2019-02-24,0.4,3.0,1.1,5.0,0.6,0.8,5.6
2019-02-25,1.1,0.0,2.0,0.0,0.9,3.3,0.0
2019-02-26,3.0,5.0,0.0,5.0,0.43333333333333335,0.0,0.0
2019-02-27,1.9,4.0,1.9,0.0,0.8333333333333334,0.0,13.8
2019-02-28,4.8,0.0,10.1,0.0,1.1,0.5,0.2
2019-03-01,0.0,0.0,0.1,0.0,1.1,0.2,0.1
2019-03-02,0.0,0.0,0.0,0.0,0.8,0.0,0.0
2019-03-03,0.0,0.0,2.4,0.0,0.6,0.0,0.0
2019-03-04,0.2,0.0,0.1,0.0,0.2,0.0,0.0
2019-03-05,0.1,0.0,0.0,0.0,0.10000000000000002,0.1,0.0
2019-03-06,0.1,0.0,0.0,0.0,0.10000000000000002,0.0,0.0
2019-03-07,0.0,0.0,0.0,2.0,0.16666666666666666,0.0,0.0
2019-03-08,0.0,0.0,0.0,0.0,0.3333333333333333,0.7,0.0
2019-03-09,0.0,0.0,0.2,0.0,0.3333333333333333,0.0,0.0
2019-03-10,0.0,0.0,0.0,0.0,0.09999999999999999,0.1,0.0
2019-03-11,1.9,0.0,0.1,1.0,0.20000000000000004,0.1,4.7
2019-03-12,1.1,5.0,1.3,6.0,0.2,9.4,1.1
2019-03-13,1.7,20.0,0.4,24.0,0.20000000000000004,1.6,0.0
2019-03-14,39.8,8.0,30.5,5.0,0.2,0.6,1.7
2019-03-15,2.5,0.0,3.8,0.0,0.3333333333333333,1.8,0.0
2019-03-16,0.0,0.0,0.0,0.0,0.09999999999999999,0.0,0.2
2019-03-17,0.0,0.0,0.0,0.0,0.09999999999999999,0.0,0.0
2019-03-18,3.9,9.0,0.0,6.0,0.2,0.0,10.2
2019-03-19,40.0,14.0,2.7,2.0,0.2,6.3,8.0
2019-03-20,12.8,0.0,6.0,0.0,0.13333333333333333,1.4,0.0
2019-03-21,0.1,15.0,0.0,0.0,0.1,0.0,25.1
2019-03-22,15.4,11.0,12.3,0.0,0.2,16.6,0.0
2019-03-23,17.4,10.0,7.1,0.0,0.10000000000000002,0.2,0.0
2019-03-24,0.1,12.0,0.0,0.0,0.1,0.0,1.1
2019-03-25,22.0,0.0,0.6,0.0,0.1,1.5,0.0
2019-03-26,0.0,0.0,0.0,0.0,0.0,0.0,0.0
2019-03-27,10.7,0.0,0.0,0.0,0.0,0.0,0.0
2019-03-28,0.2,59.0,0.0,7.0,0.0,0.1,62.4
2019-03-29,34.3,9.0,10.4,17.0,0.0,21.2,7.8
2019-03-30,5.5,0.0,6.2,0.0,0.1,10.6,0.0
2019-03-31,0.0,20.0,0.1,11.0,0.1,0.0,5.8
2019-04-01,2.1,8.0,9.9,3.0,0.0,11.4,25.9
2019-04-02,10.5,12.0,6.1,30.0,0.0,22.7,49.3
2019-04-03,6.4,7.0,12.8,10.0,0.0,52.0,6.7
2019-04-04,17.4,4.0,2.0,1.0,0.0,4.6,45.0
2019-04-05,8.0,12.0,0.8,7.0,0.0,3.2,5.1
2019-04-06,17.2,0.0,5.3,7.0,0.0,7.1,0.0
2019-04-07,0.1,0.0,0.1,0.0,0.0,0.0,1.5
2019-04-08,6.6,1.0,0.5,0.0,0.0,1.6,14.7
2019-04-09,42.7,0.0,0.0,0.0,0.0,5.5,0.0
2019-04-10,14.1,12.0,0.0,0.0,0.0,0.0,10.9
2019-04-11,17.3,15.0,22.2,0.0,0.0,9.3,4.1
2019-04-12,0.6,0.0,2.8,0.0,0.0,2.3,0.0
2019-04-13,11.9,0.0,0.0,0.0,0.0,0.1,0.0
2019-04-14,0.0,22.0,0.0,0.0,0.0,0.1,22.4
2019-04-15,18.1,2.0,18.6,0.0,0.0,14.7,0.3
2019-04-16,0.5,19.0,0.4,0.0,0.0,0.1,34.0
2019-04-17,10.2,6.0,6.2,0.0,0.13333333333333333,31.0,13.9
2019-04-18,24.9,9.0,6.9,0.0,0.03333333333333333,5.9,4.2
2019-04-19,14.5,39.0,3.9,0.0,0.0,2.6,3.9
2019-04-20,34.8,37.0,15.6,0.0,0.0,2.4,62.2
2019-04-21,24.3,8.0,44.4,0.0,0.0,47.1,10.5
2019-04-22,14.7,28.0,8.7,0.0,0.0,6.5,8.3
2019-04-23,25.8,5.0,15.8,0.0,0.0,3.4,2.9
2019-04-24,22.9,0.0,3.7,0.0,0.0,4.1,0.0
2019-04-25,0.1,2.0,0.0,0.0,0.0,0.0,7.6
2019-04-26,1.6,20.0,1.0,0.0,0.0,10.2,0.3
2019-04-27,1.8,0.0,10.0,0.0,0.0,0.0,0.0
2019-04-28,0.2,0.0,0.1,0.0,0.0,0.0,0.0
2019-04-29,0.0,0.0,0.0,0.0,0.0,0.0,0.0
2019-04-30,0.0,0.0,0.0,0.0,0.0,0.0,0.0
2019-05-01,0.1,0.0,0.0,0.0,0.0,0.0,0.0
2019-05-02,0.0,0.0,0.0,0.0,0.0,0.0,0.0
2019-05-03,0.8,0.0,0.0,0.0,0.0,0.0,0.0
2019-05-04,12.3,0.0,0.0,0.0,0.0,0.0,0.0
2019-05-05,0.1,0.0,0.3,0.0,0.0,0.0,0.0
2019-05-06,0.0,0.0,0.0,0.0,0.0,0.0,0.0
2019-05-07,0.0,0.0,0.0,0.0,0.0,0.0,0.0
2019-05-08,0.4,5.0,0.0,5.0,0.0,0.0,4.8
2019-05-09,0.1,30.0,2.2,27.0,0.0,2.3,18.3
2019-05-10,44.3,15.0,39.8,13.0,0.0,16.0,0.0
2019-05-11,4.4,2.0,20.9,0.0,0.0,0.0,0.3
2019-05-12,0.6,0.0,1.8,0.0,0.0,1.2,0.2
2019-05-13,0.0,0.0,0.1,0.0,0.0,0.0,0.0
2019-05-14,0.9,0.0,0.4,0.0,0.0,0.1,0.8
2019-05-15,14.4,7.0,0.0,3.0,3.6666666666666665,0.0,1.4
2019-05-16,8.9,3.0,4.2,10.0,29.399999999999995,4.0,1.7
2019-05-17,6.3,35.0,3.5,0.0,12.866666666666665,1.9,1.0
2019-05-18,17.8,17.0,3.9,5.0,0.6333333333333334,1.3,2.4
2019-05-19,5.9,5.0,12.3,2.0,4.0,3.6,5.5
2019-05-20,2.6,9.0,3.8,2.0,2.533333333333333,3.2,0.5
2019-05-21,5.9,24.0,2.7,17.0,2.1999999999999997,0.5,9.7
2019-05-22,21.1,3.0,12.0,1.0,9.200000000000001,2.0,0.2
2019-05-23,0.1,7.0,1.9,7.0,9.6,0.3,4.5
2019-05-24,16.3,17.0,5.8,0.0,10.166666666666666,5.0,1.8
2019-05-25,19.6,8.0,10.5,0.0,13.333333333333334,0.7,3.0
2019-05-26,23.3,0.0,9.6,0.0,4.8,1.1,0.0
2019-05-27,1.1,2.0,0.0,0.0,4.533333333333333,0.0,0.7
2019-05-28,1.2,7.0,0.5,5.0,10.266666666666667,1.3,10.3
2019-05-29,9.4,30.0,4.2,20.0,6.8,15.9,9.8
2019-05-30,7.0,10.0,21.5,16.0,23.26666666666667,19.8,3.5
2019-05-31,8.7,3.0,10.0,0.0,11.766666666666667,8.7,0.5
2019-06-01,5.3,0.0,3.8,0.0,0.4666666666666666,0.5,2.4
2019-06-02,1.0,0.0,0.0,0.0,0.39999999999999997,0.0,0.2
2019-06-03,1.1,0.0,0.1,0.0,0.16666666666666666,0.0,0.0
2019-06-04,0.0,19.0,0.0,0.0,0.0,0.0,0.0
2019-06-05,10.4,3.0,0.0,12.0,4.533333333333333,0.0,0.0
2019-06-06,0.7,64.0,5.6,24.0,13.666666666666666,0.0,20.6
2019-06-07,17.2,24.0,33.7,11.0,6.900000000000001,10.2,3.2
2019-06-08,17.4,0.0,24.8,0.0,0.6,8.9,0.0
2019-06-09,0.1,0.0,0.1,0.0,0.0,0.0,0.0
2019-06-10,0.0,9.0,0.0,4.0,4.266666666666667,0.0,4.5
2019-06-11,5.4,2.0,8.7,0.0,3.3666666666666667,1.4,1.0
2019-06-12,1.6,0.0,1.8,0.0,0.6333333333333333,1.4,0.0
2019-06-13,0.1,14.0,0.0,0.0,0.26666666666666666,0.1,0.0
2019-06-14,0.7,2.0,1.3,0.0,0.13333333333333333,0.0,0.0
2019-06-15,4.0,17.0,0.1,0.0,12.200000000000001,0.0,1.9
2019-06-16,5.4,0.0,3.6,0.0,6.1000000000000005,1.4,0.0
2019-06-17,0.0,0.0,0.0,0.0,0.03333333333333333,0.0,0.0
2019-06-18,0.0,0.0,0.0,0.0,0.0,0.0,0.0
2019-06-19,0.0,0.0,0.0,0.0,0.0,0.0,0.0
2019-06-20,0.0,10.0,0.0,2.0,1.0,0.0,2.7
2019-06-21,2.0,0.0,6.9,0.0,0.5,2.0,0.0
2019-06-22,0.0,0.0,0.0,0.0,0.0,0.0,0.0
2019-06-23,0.0,0.0,0.0,0.0,0.0,0.0,0.0
2019-06-24,0.0,11.0,0.0,0.0,6.2,0.0,16.7
2019-06-25,11.8,0.0,4.6,3.0,4.233333333333333,2.6,0.7
2019-06-26,1.8,0.0,2.8,0.0,0.5666666666666667,0.3,0.0
2019-06-27,0.1,0.0,0.0,0.0,0.0,0.0,0.0
2019-06-28,0.1,0.0,0.0,0.0,0.0,0.0,0.0
2019-06-29,0.0,0.0,0.0,0.0,0.06666666666666667,0.0,0.0
2019-06-30,2.5,4.0,0.0,15.0,46.63333333333333,0.0,0.5
2019-07-01,8.8,11.0,4.8,0.0,23.3,1.5,0.0
2019-07-02,10.5,0.0,2.2,4.0,0.0,0.0,0.0
2019-07-03,0.0,0.0,0.0,0.0,0.0,0.0,0.0
2019-07-04,0.0,24.0,0.0,1.0,0.13333333333333333,0.0,0.0
2019-07-05,8.5,0.0,4.0,0.0,0.06666666666666667,0.0,0.0
2019-07-06,0.2,0.0,0.0,0.0,0.03333333333333333,0.0,0.0
2019-07-07,0.0,0.0,0.0,0.0,0.0,0.0,0.0
2019-07-08,0.0,4.0,0.0,0.0,5.666666666666667,0.0,0.0
2019-07-09,7.0,2.0,2.3,0.0,2.766666666666667,0.0,0.0
2019-07-10,0.6,0.0,1.0,0.0,0.0,0.0,0.0
2019-07-11,0.0,5.0,0.0,0.0,0.0,0.0,0.0
2019-07-12,0.4,0.0,2.9,0.0,0.0,0.1,0.0
2019-07-13,0.2,25.0,0.0,0.0,1.8,0.0,0.0
2019-07-14,1.4,12.0,18.0,2.0,2.7000000000000006,0.0,0.5
2019-07-15,7.2,0.0,6.1,0.0,0.5,2.8,0.0
2019-07-16,0.1,0.0,0.1,0.0,0.0,0.1,0.0
2019-07-17,0.0,0.0,0.0,0.0,0.0,0.0,0.0
2019-07-18,0.0,0.0,0.0,0.0,0.0,0.0,0.0
2019-07-19,0.0,0.0,0.0,0.0,0.0,0.0,0.0
2019-07-20,0.0,3.0,0.0,0.0,6.466666666666666,0.0,0.0
2019-07-21,16.7,0.0,0.0,0.0,3.233333333333333,0.0,0.0
2019-07-22,0.1,5.0,0.0,5.0,1.4000000000000001,0.0,0.8
2019-07-23,1.1,0.0,4.9,0.0,0.7666666666666667,0.3,0.1
2019-07-24,0.1,0.0,0.0,0.0,0.03333333333333333,0.1,0.0
2019-07-25,0.0,14.0,0.0,24.0,27.066666666666666,0.0,1.4
2019-07-26,11.3,13.0,8.5,0.0,18.466666666666665,1.4,0.2
2019-07-27,1.2,0.0,0.0,0.0,2.466666666666667,0.0,0.0
2019-07-28,0.0,0.0,0.0,0.0,0.0,0.0,0.0
2019-07-29,0.5,0.0,0.0,0.0,0.0,0.0,0.0
2019-07-30,0.1,0.0,0.0,0.0,0.0,0.0,0.0
2019-07-31,0.0,0.0,0.0,0.0,0.0,0.0,0.0
2019-08-01,0.0,0.0,0.0,0.0,0.0,0.0,0.0
2019-08-02,0.0,0.0,0.0,0.0,0.0,0.0,0.0
2019-08-03,0.0,5.0,0.0,1.0,0.6666666666666666,0.0,4.6
2019-08-04,23.5,0.0,1.3,0.0,0.3333333333333333,8.5,0.0
2019-08-05,0.0,0.0,0.0,0.0,0.0,0.0,0.0
2019-08-06,0.0,0.0,0.0,0.0,0.0,0.0,0.0
2019-08-07,0.0,0.0,0.0,0.0,0.0,0.0,0.0
2019-08-08,0.0,0.0,0.0,0.0,0.0,0.0,0.0
2019-08-09,0.0,0.0,0.0,0.0,0.0,0.0,0.0
2019-08-10,0.0,0.0,0.0,0.0,0.0,0.0,0.0
2019-08-11,0.0,0.0,0.4,0.0,0.0,0.0,0.0
2019-08-12,0.3,0.0,0.0,0.0,0.0,0.0,0.0
2019-08-13,0.0,0.0,0.0,0.0,0.0,0.0,0.0
2019-08-14,0.0,0.0,0.0,0.0,0.0,0.0,0.0
2019-08-15,0.0,0.0,0.0,0.0,0.0,0.0,0.0
2019-08-16,0.0,0.0,0.0,0.0,0.13333333333333333,0.0,0.0
2019-08-17,0.0,0.0,0.0,0.0,0.0,0.0,0.0
2019-08-18,0.0,0.0,0.0,0.0,0.0,0.0,0.0
2019-08-19,0.0,1.0,0.0,2.0,3.6,0.0,0.4
2019-08-20,0.5,0.0,1.3,0.0,1.8,4.7,0.0
2019-08-21,0.1,0.0,0.0,0.0,0.0,0.0,0.0
2019-08-22,0.0,0.0,0.0,0.0,0.0,0.0,0.0
2019-08-23,0.0,0.0,0.0,0.0,0.0,0.0,0.0
2019-08-24,0.0,0.0,0.0,0.0,0.0,0.0,0.0
2019-08-25,0.0,0.0,0.0,0.0,0.0,0.0,0.0
2019-08-26,0.0,0.0,0.0,0.0,0.0,0.0,0.0
2019-08-27,0.0,0.0,0.0,0.0,0.0,0.0,0.0
2019-08-28,0.0,0.0,0.0,0.0,0.0,0.0,0.0
2019-08-29,2.0,0.0,0.0,0.0,0.0,0.0,0.0
2019-08-30,0.0,0.0,0.0,0.0,0.0,0.0,0.0
2019-08-31,3.7,0.0,0.0,0.0,0.0,0.0,0.0
2019-09-01,0.0,0.0,0.0,0.0,0.0,0.0,0.0
2019-09-02,0.0,0.0,0.0,0.0,0.0,0.0,0.0
2019-09-03,0.0,0.0,0.0,0.0,0.0,0.0,0.0
2019-09-04,0.0,0.0,0.0,0.0,0.0,0.0,0.0
2019-09-05,0.0,0.0,0.0,0.0,0.0,0.0,0.0
2019-09-06,0.2,0.0,0.0,0.0,0.0,0.0,0.0
2019-09-07,0.0,0.0,0.0,0.0,0.0,0.0,0.0
2019-09-08,0.0,0.0,0.0,0.0,0.0,0.0,0.0
2019-09-09,0.0,0.0,0.0,0.0,0.0,0.0,0.0
2019-09-10,0.0,0.0,0.0,0.0,0.0,0.0,0.0
2019-09-11,0.0,1.0,0.4,1.0,3.733333333333333,0.0,1.0
2019-09-12,0.4,12.0,2.1,3.0,9.333333333333332,0.6,5.3
2019-09-13,10.3,0.0,4.0,0.0,3.733333333333333,7.4,0.0
2019-09-14,0.1,0.0,0.0,0.0,0.0,0.0,0.0
2019-09-15,1.4,0.0,0.0,0.0,0.0,0.0,0.0
2019-09-16,0.0,0.0,0.0,0.0,0.0,0.0,0.0
2019-09-17,0.0,38.0,0.0,4.0,12.266666666666666,0.0,3.4
2019-09-18,8.7,35.0,5.0,89.0,36.73333333333333,3.8,68.1
2019-09-19,20.8,15.0,40.4,4.0,16.433333333333334,38.9,9.6
2019-09-20,8.3,0.0,1.7,0.0,1.0999999999999999,7.1,2.7
2019-09-21,0.3,0.0,1.0,0.0,0.26666666666666666,1.6,0.0
2019-09-22,0.0,0.0,0.0,0.0,0.0,0.0,0.0
2019-09-23,0.2,0.0,0.0,0.0,0.03333333333333333,0.0,0.0
2019-09-24,0.1,0.0,0.0,4.0,4.666666666666667,0.0,0.0
2019-09-25,0.3,4.0,4.9,6.0,6.733333333333333,0.0,3.8
2019-09-26,0.6,0.0,3.8,0.0,2.1999999999999997,0.0,0.0
2019-09-27,0.0,26.0,0.0,18.0,10.0,0.0,7.1
2019-09-28,9.0,1.0,29.7,0.0,5.066666666666666,11.2,1.1
2019-09-29,0.1,6.0,0.4,10.0,3.9,0.0,1.5
2019-09-30,22.0,27.0,3.2,31.0,35.53333333333333,1.2,41.2
2019-10-01,22.9,0.0,29.7,0.0,16.866666666666667,27.8,0.2
2019-10-02,0.2,11.0,0.3,8.0,4.966666666666667,0.3,11.0
2019-10-03,4.6,0.0,8.2,0.0,2.733333333333334,3.6,0.5
2019-10-04,0.5,0.0,0.3,0.0,0.13333333333333333,0.2,0.0
2019-10-05,0.1,3.0,0.0,0.0,0.0,0.0,0.0
2019-10-06,0.0,4.0,0.0,3.0,7.466666666666666,0.0,0.0
2019-10-07,9.2,0.0,0.2,0.0,3.766666666666666,0.0,0.4
2019-10-08,0.0,0.0,1.5,0.0,0.16666666666666666,0.0,0.0
2019-10-09,0.3,0.0,1.3,0.0,0.06666666666666667,0.0,0.0
2019-10-10,14.5,5.0,0.1,0.0,0.39999999999999997,0.0,0.9
2019-10-11,4.0,0.0,0.1,0.0,0.19999999999999998,1.3,0.0
2019-10-12,0.1,41.0,0.1,17.0,16.866666666666667,0.0,20.2
2019-10-13,42.9,0.0,16.0,0.0,8.266666666666667,0.0,0.0
2019-10-14,0.0,0.0,0.1,0.0,0.0,0.0,0.0
2019-10-15,0.0,0.0,0.0,0.0,1.4666666666666668,0.0,0.0
2019-10-16,0.3,5.0,0.0,16.0,20.866666666666664,0.0,21.2
2019-10-17,8.6,4.0,8.6,11.0,19.8,0.0,6.3
2019-10-18,8.3,20.0,4.1,13.0,15.866666666666667,0.0,17.2
2019-10-19,10.5,11.0,31.0,5.0,10.299999999999999,5.2,2.0
2019-10-20,10.9,3.0,5.1,1.0,4.3999999999999995,0.0,0.0
2019-10-21,0.9,4.0,2.4,0.0,1.0,0.0,0.6
2019-10-22,0.3,14.0,0.7,10.0,6.2,0.0,4.5
2019-10-23,8.3,5.0,10.3,6.0,8.5,0.0,8.1
2019-10-24,8.3,3.0,5.3,5.0,6.766666666666666,0.0,3.2
2019-10-25,3.6,0.0,9.1,0.0,2.5,0.0,0.0
2019-10-26,2.5,0.0,0.0,0.0,0.7666666666666666,0.0,0.0
2019-10-27,0.1,0.0,0.0,0.0,0.9666666666666667,0.0,0.0
2019-10-28,0.7,1.0,0.0,0.0,0.3,0.0,0.3
2019-10-29,0.1,0.0,0.1,0.0,0.0,0.0,0.0
2019-10-30,1.4,5.0,0.1,0.0,0.0,0.0,2.4
2019-10-31,16.4,0.0,3.8,0.0,0.0,4.1,0.0
2019-11-01,0.0,0.0,0.0,0.0,0.0,0.1,0.0
2019-11-02,0.1,0.0,0.0,0.0,0.0,0.0,0.0
2019-11-03,0.1,0.0,0.0,0.0,0.0,0.0,0.0
2019-11-04,0.0,0.0,0.0,0.0,0.0,0.0,0.6
2019-11-05,1.9,0.0,1.4,0.0,0.0,0.0,0.0
2019-11-06,0.0,0.0,0.0,0.0,0.0,0.0,0.0
2019-11-07,0.0,0.0,0.0,0.0,0.0,0.0,0.0
2019-11-08,0.0,0.0,0.0,5.0,0.0,0.0,26.7
2019-11-09,1.4,4.0,6.1,8.0,2.8000000000000003,0.0,2.7
2019-11-10,3.3,0.0,3.3,0.0,1.4333333333333333,0.0,0.0
2019-11-11,0.0,20.0,0.0,19.0,0.0,0.0,9.1
2019-11-12,1.4,21.0,4.1,5.0,0.0,0.0,2.1
2019-11-13,17.1,28.0,14.1,2.0,1.3333333333333333,0.0,12.1
2019-11-14,13.8,2.0,17.5,2.0,1.1,0.0,0.0
2019-11-15,1.3,3.0,9.2,0.0,4.5,0.0,2.2
2019-11-16,3.8,0.0,0.5,1.0,7.3,0.0,1.1
2019-11-17,1.3,12.0,0.0,2.0,16.7,0.0,1.0
2019-11-18,11.2,0.0,7.0,0.0,0.06666666666666667,0.0,0.0
2019-11-19,0.0,0.0,0.0,0.0,0.03333333333333333,0.0,0.0
2019-11-20,0.0,0.0,0.5,0.0,0.0,0.0,0.2
2019-11-21,0.1,21.0,0.0,0.0,2.9,0.0,0.0
2019-11-22,2.4,10.0,0.0,0.0,0.1,0.0,4.6
2019-11-23,10.5,0.0,1.0,0.0,0.5,0.0,0.4
2019-11-24,1.3,0.0,0.1,0.0,0.1,0.0,0.0
2019-11-25,0.0,0.0,0.0,0.0,0.0,0.0,0.0
2019-11-26,0.0,0.0,0.0,0.0,0.0,0.0,0.0
2019-11-27,0.0,0.0,0.0,0.0,0.0,0.0,0.0
2019-11-28,0.0,27.0,0.0,0.0,0.0,0.0,0.1
2019-11-29,9.5,5.0,1.1,0.0,0.2,0.0,0.4
2019-11-30,5.1,0.0,3.9,0.0,1.8,0.0,0.3
2019-12-01,0.1,9.0,0.0,0.0,0.0,0.0,0.0
2019-12-02,12.2,0.0,3.2,0.0,0.0,0.0,0.0
2019-12-03,0.0,12.0,0.0,0.0,0.0,0.0,0.8
2019-12-04,10.6,0.0,0.0,0.0,0.0,0.0,0.0
2019-12-05,0.5,0.0,0.0,0.0,0.0,0.0,1.0
2019-12-06,1.5,12.0,0.5,0.0,0.2,0.0,27.0
2019-12-07,0.1,3.0,4.6,0.0,1.1,0.0,3.0
2019-12-08,11.4,0.0,3.1,0.0,0.0,0.0,0.0
2019-12-09,8.0,0.0,0.0,0.0,0.7,0.0,0.0
2019-12-10,0.0,0.0,0.0,0.0,0.0,0.0,0.0
2019-12-11,0.0,4.0,0.0,0.0,0.0,0.0,2.3
2019-12-12,0.7,19.0,0.8,11.0,0.0,0.0,12.5
2019-12-13,10.3,16.0,3.6,2.0,8.6,0.0,11.2
2019-12-14,22.7,5.0,7.1,0.0,0.5,0.0,0.0
2019-12-15,8.7,0.0,0.2,0.0,0.0,0.0,0.0
2019-12-16,0.4,0.0,0.1,22.0,0.0,0.0,0.0
2019-12-17,0.7,6.0,9.6,1.0,5.2,0.0,24.1
2019-12-18,26.1,5.0,5.1,14.0,0.3,0.0,0.0
2019-12-19,0.4,0.0,7.7,0.0,1.8,0.0,0.0
2019-12-20,0.1,0.0,0.0,0.0,0.0,0.0,0.0
2019-12-21,0.9,0.0,0.0,0.0,0.0,0.0,0.0
2019-12-22,0.0,17.0,0.0,7.0,0.1,0.0,0.0
2019-12-23,8.1,0.0,4.9,0.0,0.0,0.0,0.2
2019-12-24,0.1,2.0,0.1,14.0,4.633333333333333,0.0,0.0
2019-12-25,0.2,0.0,6.4,0.5,0.0,0.0,0.0
2019-12-26,0.6,1.0,0.6,0.0,0.0,0.0,0.0
2019-12-27,0.1,0.0,0.0,0.0,0.0,0.0,0.0
2019-12-28,0.0,0.0,0.0,0.0,0.0,0.0,0.0
2019-12-29,0.0,17.0,0.0,21.0,6.6000000000000005,0.0,21.5
2019-12-30,7.2,57.0,24.1,48.0,31.599999999999998,0.0,50.7
2019-12-31,25.6,3.0,56.2,1.0,3.266666666666667,0.0,0.5
2020-01-01,10.8,2.0,0.7,17.0,8.266666666666667,0.0,0.8
2020-01-02,11.7,0.0,1.6,0.0,0.2333333333333333,0.0,0.0
2020-01-03,0.1,0.0,0.0,0.0,0.9,0.0,0.0
2020-01-04,0.1,0.0,0.0,0.0,0.0,0.0,0.0
2020-01-05,0.1,0.0,0.0,0.0,0.0,0.0,0.0
2020-01-06,0.0,0.0,0.0,0.0,0.0,0.0,0.0
2020-01-07,0.0,0.0,0.0,0.0,0.0,0.0,0.0
2020-01-08,0.0,0.0,0.0,0.0,0.0,0.0,0.0
2020-01-09,0.1,0.0,0.0,0.0,0.0,0.0,0.0
2020-01-10,0.0,0.0,0.0,0.0,0.0,0.0,0.0
2020-01-11,0.0,0.0,0.0,0.0,0.0,0.0,0.0
2020-01-12,5.1,0.0,0.0,0.0,0.0,0.0,0.0
2020-01-13,0.1,3.0,0.0,0.0,0.0,0.0,1.3
2020-01-14,0.1,0.0,0.0,0.0,0.0,0.0,0.0
2020-01-15,0.0,0.0,0.0,0.0,0.0,0.0,0.0
2020-01-16,1.0,0.0,0.0,0.0,0.0,0.0,0.0
2020-01-17,0.0,0.0,0.0,0.0,0.0,0.0,0.0
2020-01-18,0.0,0.0,0.0,0.0,0.0,0.0,0.0
2020-01-19,0.0,14.0,0.0,0.0,0.0,0.0,0.0
2020-01-20,5.3,6.0,0.0,1.0,3.466666666666667,0.0,11.0
2020-01-21,4.5,15.0,5.7,23.0,7.866666666666667,0.0,6.1
2020-01-22,18.0,5.0,16.1,1.0,0.8666666666666666,0.0,3.5
2020-01-23,6.2,0.0,1.8,0.0,0.2333333333333333,0.0,0.0
2020-01-24,0.3,0.0,0.0,0.0,0.03333333333333333,0.0,0.0
2020-01-25,0.0,7.0,0.0,2.0,0.9333333333333332,0.0,6.5
2020-01-26,0.1,32.0,9.5,9.0,13.933333333333332,0.0,1.0
2020-01-27,25.4,10.0,6.2,18.0,32.6,0.0,2.3
2020-01-28,11.0,5.0,5.0,0.0,0.9666666666666667,0.0,0.0
2020-01-29,1.4,2.0,1.1,12.0,6.5,0.0,6.9
2020-01-30,0.5,0.0,2.5,0.0,3.3666666666666667,0.0,0.0
2020-01-31,0.1,0.0,0.0,0.0,0.0,0.0,0.0
2020-02-01,0.0,10.0,0.0,0.0,0.0,0.0,2.5
2020-02-02,1.1,12.0,12.5,0.0,5.133333333333334,0.0,0.0
2020-02-03,5.9,0.0,1.8,0.0,0.0,0.0,0.0
2020-02-04,0.0,0.0,0.0,0.0,0.0,0.0,0.0
2020-02-05,0.1,0.0,0.0,0.0,0.0,0.0,0.0
2020-02-06,0.0,0.0,0.0,0.0,0.0,0.0,0.0
2020-02-07,0.0,0.0,0.0,0.0,0.0,0.0,0.0
2020-02-08,0.1,0.0,1.4,0.0,0.0,0.0,9.0
2020-02-09,0.7,0.0,6.5,0.0,1.0666666666666667,0.0,0.0
2020-02-10,0.0,0.0,1.1,0.0,0.0,0.0,0.0
2020-02-11,0.0,0.0,0.3,0.0,0.0,0.0,0.0
2020-02-12,0.0,0.0,0.0,0.0,0.06666666666666667,0.0,0.0
2020-02-13,0.0,0.0,0.0,0.0,0.0,0.0,0.0
2020-02-14,0.2,3.0,0.0,0.0,0.0,0.0,0.0
2020-02-15,0.0,0.0,0.0,0.0,1.8666666666666665,0.0,0.0
2020-02-16,3.5,0.0,0.8,0.0,0.0,0.0,0.0
2020-02-17,0.1,0.0,0.0,0.0,0.0,0.0,0.0
2020-02-18,0.0,0.0,0.0,0.0,0.0,0.0,0.0
2020-02-19,0.0,0.0,0.0,0.0,0.0,0.0,0.0
2020-02-20,0.0,17.0,0.0,0.0,3.3333333333333335,0.0,10.5
2020-02-21,26.6,2.0,12.5,0.0,2.1999999999999997,0.0,0.5
2020-02-22,2.9,0.0,0.0,0.0,6.2,0.0,20.2
2020-02-23,10.0,3.0,3.8,4.0,1.8666666666666665,0.0,27.2
2020-02-24,3.8,0.0,2.4,1.0,1.0666666666666667,0.0,0.0
2020-02-25,1.9,5.0,4.1,15.0,19.733333333333334,0.0,10.5
2020-02-26,1.8,3.0,8.3,0.0,11.933333333333332,0.0,0.5
2020-02-27,1.5,0.0,0.9,0.0,0.16666666666666666,0.0,0.0
2020-02-28,0.1,0.0,0.1,0.0,0.10000000000000002,0.0,0.0
2020-02-29,0.4,2.0,0.1,0.0,0.1,5.6,2.7
2020-03-01,5.4,2.0,0.0,0.0,0.0,0.2,0.0
2020-03-02,0.3,0.0,0.0,0.0,0.26666666666666666,0.0,0.0
2020-03-03,0.1,0.0,0.0,0.0,0.5,0.0,0.0
2020-03-04,0.1,0.0,0.0,0.0,0.13333333333333333,0.0,0.0
2020-03-05,0.0,0.0,0.0,0.0,0.0,0.0,0.0
2020-03-06,0.0,7.0,0.0,0.0,0.3333333333333333,0.0,0.3
2020-03-07,31.6,0.0,6.8,0.0,8.433333333333332,1.5,21.9
2020-03-08,12.9,0.0,0.1,0.0,4.6000000000000005,9.2,0.0
2020-03-09,0.1,7.0,0.0,0.0,1.0666666666666667,0.0,0.3
2020-03-10,4.9,9.0,10.9,0.0,12.700000000000001,0.3,2.2
2020-03-11,3.3,0.0,26.0,0.0,6.833333333333333,0.0,0.4
2020-03-12,1.7,60.0,3.6,16.0,12.466666666666667,0.7,37.5
2020-03-13,18.6,0.0,47.1,0.0,6.6000000000000005,44.8,0.0
2020-03-14,0.3,20.0,0.1,0.0,16.933333333333334,0.0,0.4
2020-03-15,27.0,0.0,3.9,0.0,7.3999999999999995,3.7,0.0
2020-03-16,0.5,1.0,0.0,0.0,0.0,0.0,0.5
2020-03-17,2.2,0.0,0.0,0.0,0.6,0.2,3.3
2020-03-18,0.0,0.0,0.0,0.0,0.39999999999999997,0.8,0.0
2020-03-19,0.0,0.0,0.0,0.0,0.0,0.0,0.0
2020-03-20,0.0,0.0,0.0,0.0,0.0,0.0,0.0
2020-03-21,1.9,0.0,0.5,0.0,0.03333333333333333,0.3,0.0
2020-03-22,0.0,0.0,0.0,0.0,0.0,0.0,0.0
2020-03-23,0.0,3.0,0.0,0.0,4.066666666666666,0.0,2.5
2020-03-24,3.2,2.0,1.4,0.0,3.1333333333333333,6.1,0.0
2020-03-25,2.9,0.0,1.0,0.0,1.1333333333333333,0.0,0.0
2020-03-26,0.4,0.0,0.2,0.0,1.1,1.0,0.0
2020-03-27,0.0,0.0,0.3,0.0,0.13333333333333333,0.1,0.0
2020-03-28,0.0,0.0,0.0,0.0,0.0,0.0,0.0
2020-03-29,0.0,0.0,0.0,0.0,0.0,0.0,0.0
2020-03-30,8.4,4.0,0.0,0.0,0.0,0.0,0.0
2020-03-31,1.8,8.0,1.8,0.0,0.3333333333333333,0.0,0.0
2020-04-01,9.5,0.0,19.5,0.0,15.199999999999998,0.1,0.0
2020-04-02,7.2,8.0,0.1,0.0,6.333333333333333,0.0,0.0
2020-04-03,33.3,0.0,1.1,0.0,0.0,0.0,0.0
2020-04-04,0.1,0.0,0.0,0.0,2.4,0.0,0.0
2020-04-05,10.1,10.0,0.0,0.0,1.6333333333333335,0.0,0.0
2020-04-06,2.4,12.0,0.0,0.0,0.3333333333333333,0.0,13.6
2020-04-07,12.5,0.0,2.0,0.0,0.0,0.6,0.1
2020-04-08,0.2,0.0,0.0,0.0,0.0,0.0,0.0
2020-04-09,0.0,2.0,0.0,0.0,0.5333333333333333,0.0,0.0
2020-04-10,5.9,40.0,0.3,0.0,2.7999999999999994,0.0,0.4
2020-04-11,6.9,42.0,4.8,0.0,46.400000000000006,6.0,8.7
2020-04-12,6.3,0.0,20.7,0.0,22.600000000000005,13.5,0.0
2020-04-13,16.7,8.0,0.1,0.0,5.7,0.0,9.4
2020-04-14,2.8,6.0,3.0,0.0,2.2333333333333334,10.9,1.4
2020-04-15,6.6,9.0,0.7,0.0,0.8666666666666667,0.4,5.8
2020-04-16,2.4,0.0,1.9,0.0,2.6999999999999997,20.2,0.0
2020-04-17,0.1,10.0,0.0,30.0,18.566666666666666,6.1,0.5
2020-04-18,9.3,11.0,14.8,9.0,11.1,4.3,12.0
2020-04-19,5.7,0.0,13.4,0.0,2.2666666666666666,6.1,0.0
2020-04-20,0.1,0.0,0.0,0.0,0.06666666666666667,0.0,0.0
2020-04-21,0.0,0.0,0.3,0.0,0.16666666666666666,0.0,0.0
2020-04-22,0.3,6.0,0.2,0.0,4.233333333333333,0.0,5.3
2020-04-23,7.0,0.0,4.8,0.0,2.6,4.4,0.2
2020-04-24,0.4,3.0,0.0,0.0,0.3333333333333333,1.2,3.5
2020-04-25,8.8,2.0,2.8,0.0,3.633333333333333,3.7,0.0
2020-04-26,3.3,0.0,0.6,0.0,1.9999999999999998,0.0,0.0
2020-04-27,3.9,24.0,0.0,0.0,0.0,0.0,0.2
2020-04-28,9.2,16.0,7.4,14.0,9.0,0.2,4.0
2020-04-29,17.9,0.0,10.5,0.0,6.0,0.4,2.4
2020-04-30,0.2,28.0,0.1,2.0,2.466666666666667,0.1,1.1
2020-05-01,11.7,2.0,3.7,0.0,0.6333333333333334,0.3,2.0
2020-05-02,0.1,14.0,3.5,30.0,35.76666666666667,4.2,0.9
2020-05-03,7.7,0.0,8.2,0.0,16.766666666666666,1.3,0.0
2020-05-04,6.9,0.0,0.0,0.0,0.03333333333333333,0.0,0.0
2020-05-05,0.0,0.0,0.0,0.0,0.0,0.0,0.0
2020-05-06,0.0,0.0,0.0,0.0,0.0,0.0,0.0
2020-05-07,0.0,0.0,0.0,0.0,0.0,0.0,0.0
2020-05-08,0.0,0.0,0.0,0.0,0.0,0.0,0.0
2020-05-09,0.0,0.0,0.0,0.0,0.0,0.0,0.0
2020-05-10,0.0,12.0,0.0,0.0,0.6666666666666666,0.0,8.0
2020-05-11,0.0,0.0,0.0,2.0,11.766666666666667,0.1,1.4
2020-05-12,0.0,10.0,0.0,0.0,4.566666666666666,1.1,0.0
2020-05-13,0.0,0.0,0.0,0.0,0.03333333333333333,0.1,0.0
2020-05-14,0.0,0.0,0.0,0.0,0.0,0.0,0.0
2020-05-15,0.0,19.0,0.0,0.0,0.0,0.0,0.0
2020-05-16,0.0,0.0,0.0,0.0,0.0,0.0,0.0
2020-05-17,0.0,5.0,0.0,6.0,5.3,0.0,0.2
2020-05-18,0.0,28.0,0.0,18.0,6.6,6.1,7.1
2020-05-19,0.0,0.0,0.0,0.0,0.0,8.5,0.0
2020-05-20,0.0,0.0,0.0,0.0,0.0,0.0,0.0
2020-05-21,0.0,29.0,0.0,27.0,16.4,0.0,13.4
2020-05-22,0.0,0.0,0.0,0.0,0.0,13.1,0.0
2020-05-23,0.0,0.0,0.0,0.0,0.0,0.0,0.0
2020-05-24,0.0,0.0,0.0,0.0,0.0,0.0,0.0
2020-05-25,0.0,0.0,0.0,0.0,0.0,0.0,0.4
2020-05-26,0.0,0.0,0.0,0.0,0.0,0.0,0.0
2020-05-27,0.0,0.0,0.0,0.0,0.0,0.0,0.0
2020-05-28,0.0,2.0,0.0,3.0,5.1,0.0,2.1
2020-05-29,0.0,1.0,0.0,5.0,6.1,0.0,0.0
2020-05-30,0.0,15.0,0.0,6.0,6.4,0.0,22.5
2020-05-31,0.0,17.0,0.0,0.0,7.4,0.0,3.1
2020-06-01,0.0,0.0,0.0,1.0,2.5,0.0,8.1
2020-06-02,0.0,40.0,0.0,38.0,36.7,0.0,17.0
2020-06-03,0.0,15.0,0.0,4.0,22.3,0.0,2.9
2020-06-04,0.0,0.0,0.0,0.0,0.0,0.0,0.0
2020-06-05,0.0,0.0,0.0,0.0,0.0,0.0,0.0
2020-06-06,0.0,0.0,0.0,0.0,0.0,0.0,0.5
2020-06-07,0.0,0.0,0.0,0.0,0.0,0.0,0.0
2020-06-08,0.0,0.0,0.0,0.0,0.0,0.0,0.0
2020-06-09,0.0,2.0,0.0,0.0,1.6,0.0,0.0
2020-06-10,0.0,14.0,0.0,45.0,44.2,0.0,14.2
2020-06-11,0.0,0.0,0.0,0.0,0.0,0.0,0.0
2020-06-12,0.0,0.0,0.0,0.0,0.0,0.0,0.0
2020-06-13,0.0,0.0,0.0,0.0,0.0,0.0,0.0
2020-06-14,0.0,24.0,0.0,0.0,0.0,0.0,2.2
2020-06-15,0.0,0.0,0.0,0.0,0.0,0.0,0.2
2020-06-16,0.0,0.0,0.0,0.0,0.0,0.0,0.0
2020-06-17,0.0,0.0,0.0,0.0,0.0,0.0,0.0
2020-06-18,0.0,1.0,0.0,0.0,0.8,0.0,1.4
2020-06-19,0.0,7.0,0.0,6.0,5.5,0.0,19.9
2020-06-20,0.0,0.0,0.0,0.0,11.5,0.0,0.0
2020-06-21,0.0,0.0,0.0,0.0,0.0,0.0,0.0
2020-06-22,0.0,0.0,0.0,0.0,0.0,0.0,0.0
2020-06-23,0.0,0.0,0.0,0.0,0.0,0.0,0.0
2020-06-24,0.0,0.0,0.0,0.0,0.0,0.0,0.0
2020-06-25,0.0,0.0,0.0,0.0,0.0,0.0,0.0
2020-06-26,0.0,0.0,0.0,0.0,5.3,0.0,20.3
2020-06-27,0.0,0.0,0.0,1.0,0.0,0.0,0.4
2020-06-28,0.0,0.0,0.0,0.0,0.0,0.0,0.0
2020-06-29,0.0,10.0,0.0,4.0,3.5,0.0,0.0
2020-06-30,0.0,0.0,0.0,0.0,0.0,0.0,0.0
2020-07-01,0.0,14.0,0.0,3.0,3.8,0.0,0.8
2020-07-02,0.0,2.0,0.0,4.0,7.8,0.0,0.0
2020-07-03,0.0,10.0,0.0,5.0,6.7,0.0,10.4
2020-07-04,0.0,5.0,0.0,2.0,1.8,0.0,5.0
2020-07-05,0.0,0.0,0.0,5.0,11.4,0.0,1.5
2020-07-06,0.0,0.0,0.0,0.0,0.0,0.0,0.0
2020-07-07,0.0,0.0,0.0,0.0,0.9,0.0,0.6
2020-07-08,0.0,1.0,0.0,0.0,0.0,0.0,0.0
2020-07-09,0.0,3.0,0.0,2.0,0.0,0.0,0.0
2020-07-10,0.0,2.0,0.0,45.0,0.0,0.0,4.1
2020-07-11,0.0,45.0,0.0,10.0,23.5,0.0,0.0
2020-07-12,0.0,0.0,0.0,0.0,0.0,0.0,0.0
2020-07-13,0.0,0.0,0.0,0.0,0.0,0.0,0.0
2020-07-14,0.0,0.0,0.0,0.0,0.0,0.0,0.0
2020-07-15,0.0,0.0,0.0,0.0,0.0,0.0,0.0
2020-07-16,0.0,0.0,0.0,0.0,0.0,0.0,0.0
2020-07-17,0.0,0.0,0.0,0.0,0.0,0.0,0.0
2020-07-18,0.0,0.0,0.0,0.0,0.0,0.0,0.0
2020-07-19,0.0,0.0,0.0,0.0,0.0,0.0,0.0
2020-07-20,0.0,0.0,0.0,0.0,0.0,0.0,0.0
2020-07-21,0.0,0.0,0.0,0.0,0.0,0.0,0.0
2020-07-22,0.0,7.0,0.0,1.0,2.7,0.0,1.0
2020-07-23,0.0,5.0,0.0,0.0,0.3,0.0,1.2
2020-07-24,0.0,0.0,0.0,1.0,8.1,0.0,1.7
2020-07-25,0.0,0.0,0.0,0.0,0.8,0.0,0.4
2020-07-26,0.0,6.0,0.0,0.0,1.5,0.0,0.0
2020-07-27,0.0,0.0,0.0,0.0,0.0,0.0,0.0
2020-07-28,0.0,0.0,0.0,0.0,0.0,0.0,0.0
2020-07-29,0.0,0.0,0.0,0.0,0.0,0.0,0.0
2020-07-30,0.0,0.0,0.0,0.0,0.0,0.0,0.0
2020-07-31,0.0,0.0,0.0,0.0,0.0,0.0,0.0
2020-08-01,0.0,0.0,0.0,0.0,0.0,0.0,0.0
2020-08-02,0.0,0.0,0.0,0.0,0.0,0.0,0.0
2020-08-03,0.0,0.0,0.0,0.0,0.0,0.0,0.0
2020-08-04,0.0,0.0,0.0,0.0,0.0,0.0,0.0
2020-08-05,0.0,0.0,0.0,0.0,0.0,0.0,0.0
2020-08-06,0.0,0.0,0.0,0.0,0.0,0.0,0.0
2020-08-07,0.0,0.0,0.0,0.0,0.0,0.0,0.0
2020-08-08,0.0,0.0,0.0,0.0,0.0,0.0,0.0
2020-08-09,0.0,0.0,0.0,0.0,0.4,0.0,0.0
2020-08-10,0.0,0.0,0.0,0.0,0.0,0.0,3.8
2020-08-11,0.0,0.0,0.0,0.0,0.0,0.0,0.0
2020-08-12,0.0,0.0,0.0,0.0,0.0,0.0,0.0
2020-08-13,0.0,12.0,0.0,0.0,0.1,0.0,3.0
2020-08-14,0.0,0.0,0.0,0.0,0.4,0.0,0.0
2020-08-15,0.0,0.0,0.0,0.0,0.5,0.0,0.2
2020-08-16,0.0,15.0,0.0,13.0,33.2,0.0,2.1
2020-08-17,0.0,0.0,0.0,0.0,0.0,0.0,0.0
2020-08-18,0.0,0.0,0.0,7.0,5.7,0.0,1.1
2020-08-19,0.0,3.0,0.0,3.0,1.9,0.0,2.6
2020-08-20,0.0,0.0,0.0,1.0,0.0,0.0,0.0
2020-08-21,0.0,0.0,0.0,2.0,1.5,0.0,4.0
2020-08-22,0.0,3.0,0.0,0.0,0.0,0.0,0.0
2020-08-23,0.0,0.0,0.0,1.0,1.3,0.0,0.5
2020-08-24,0.0,2.0,0.0,1.0,3.1,0.0,7.9
2020-08-25,0.0,0.0,0.0,0.0,0.0,0.0,0.4
2020-08-26,0.0,0.0,0.0,0.0,0.0,0.0,0.9
2020-08-27,0.0,0.0,0.0,0.0,0.0,0.0,0.0
2020-08-28,0.0,0.0,0.0,4.0,2.5,0.0,0.0
2020-08-29,0.0,12.0,0.0,0.0,12.0,0.0,13.7
2020-08-30,0.0,2.0,0.0,1.0,0.0,0.0,0.0
2020-08-31,0.0,1.0,0.0,1.0,1.5,0.0,7.6
2020-09-01,0.0,7.0,0.0,1.0,9.4,0.0,9.7
2020-09-02,0.0,0.0,0.0,0.0,0.2,0.0,4.7
2020-09-03,0.0,4.0,0.0,0.0,14.1,0.0,0.0
2020-09-04,0.0,0.0,0.0,0.0,1.8,0.0,10.0
2020-09-05,0.0,6.0,0.0,0.0,0.0,0.0,0.0
2020-09-06,0.0,5.0,0.0,0.0,0.0,0.0,0.0
2020-09-07,0.0,6.0,0.0,0.0,6.6,0.0,2.0
2020-09-08,0.0,10.0,0.0,0.0,3.4,0.0,3.3
2020-09-09,0.0,0.0,0.0,0.0,0.0,0.0,0.0
2020-09-10,0.0,0.0,0.0,0.0,0.0,0.0,0.0
2020-09-11,0.0,0.0,0.0,0.0,0.0,0.0,0.0
2020-09-12,0.0,0.0,0.0,0.0,0.0,0.0,0.0
2020-09-13,0.0,6.0,0.0,0.0,0.0,0.0,0.0
2020-09-14,0.0,0.0,0.0,0.0,0.0,0.0,0.0
