Fecha,2620000425,2622310403,2622320404,2622330402,2622400401,2622420402,2622420403
2017-01-01,41332.0,47.0,176.0,59.0,312.0,90.0,80.0
2017-01-02,38270.0,45.0,182.0,58.0,292.0,86.0,78.0
2017-01-03,34615.0,44.0,162.0,58.0,275.0,86.0,76.0
2017-01-04,31242.0,46.0,220.0,58.0,444.0,86.0,74.0
2017-01-05,28295.0,44.0,203.0,58.0,379.0,97.0,109.0
2017-01-06,24769.0,44.0,208.0,58.0,402.0,91.0,74.0
2017-01-07,22391.0,43.0,190.0,58.0,332.0,93.0,73.0
2017-01-08,29254.0,322.0,746.0,68.0,1375.0,192.0,234.0
2017-01-09,30412.0,70.0,233.0,58.0,675.0,141.0,117.0
2017-01-10,28560.0,54.0,223.0,58.0,651.0,129.0,99.0
2017-01-11,30251.0,50.0,239.0,58.0,507.0,115.0,87.0
2017-01-12,38291.0,118.0,356.0,65.0,619.0,118.0,93.0
2017-01-13,42169.0,66.0,245.0,59.0,559.0,110.0,82.0
2017-01-14,43530.0,54.0,226.0,58.0,494.0,109.0,82.0
2017-01-15,48334.0,50.0,210.0,58.0,434.0,106.0,76.0
2017-01-16,45527.0,58.0,260.0,59.0,913.0,105.0,75.0
2017-01-17,46101.0,47.0,208.0,58.0,592.0,105.0,75.0
2017-01-18,51374.0,329.0,636.0,7.0,1227.0,108.0,79.0
2017-01-19,60276.0,101.0,363.0,59.0,1411.0,103.0,75.0
2017-01-20,56321.0,72.0,376.0,58.0,1281.0,102.0,73.0
2017-01-21,64584.0,101.0,713.0,58.0,1349.0,133.0,94.0
2017-01-22,76664.0,67.0,1646.0,57.0,894.0,107.0,75.0
2017-01-23,61776.0,54.0,356.0,57.0,745.0,103.0,70.0
2017-01-24,47527.0,52.0,296.0,57.0,627.0,101.0,68.0
2017-01-25,41571.0,51.0,270.0,57.0,591.0,98.0,66.0
2017-01-26,38871.0,49.0,248.0,57.0,538.0,98.0,67.0
2017-01-27,42110.0,48.0,239.0,57.0,501.0,98.0,66.0
2017-01-28,42978.0,50.0,223.0,56.0,452.0,97.0,66.0
2017-01-29,42115.0,48.0,207.0,57.0,422.0,96.0,66.0
2017-01-30,41357.0,48.0,208.0,57.0,522.0,102.0,83.0
2017-01-31,40502.0,56.0,210.0,57.0,441.0,88.0,67.0
2017-02-01,41673.0,47.0,186.0,56.0,376.0,86.0,65.0
2017-02-02,40511.0,40.0,171.0,56.0,314.0,84.0,62.0
2017-02-03,39424.0,40.0,177.0,56.0,262.0,82.0,60.0
2017-02-04,38049.0,40.0,166.0,55.0,205.0,81.0,60.0
2017-02-05,33866.0,41.0,158.0,55.0,201.0,80.0,59.0
2017-02-06,29402.0,40.0,155.0,55.0,192.0,80.0,58.0
2017-02-07,27920.0,43.0,143.0,55.0,181.0,79.0,57.0
2017-02-08,26315.0,45.0,136.0,55.0,175.0,77.0,56.0
2017-02-09,29304.0,45.0,128.0,56.0,183.0,77.0,54.0
2017-02-10,28394.0,44.0,128.0,55.0,182.0,90.0,59.0
2017-02-11,25515.0,45.0,137.0,55.0,188.0,91.0,58.0
2017-02-12,24549.0,181.0,298.0,59.0,233.0,97.0,62.0
2017-02-13,33362.0,50.0,119.0,55.0,202.0,90.0,55.0
2017-02-14,29235.0,46.0,112.0,55.0,157.0,88.0,53.0
2017-02-15,27186.0,41.0,102.0,55.0,122.0,86.0,53.0
2017-02-16,28041.0,45.0,105.0,55.0,106.0,86.0,53.0
2017-02-17,27714.0,39.0,96.0,55.0,103.0,85.0,52.0
2017-02-18,27261.0,37.0,96.0,55.0,100.0,82.0,51.0
2017-02-19,20948.0,36.0,84.0,54.0,99.0,83.0,51.0
2017-02-20,19194.0,38.0,98.0,55.0,101.0,84.0,51.0
2017-02-21,19594.0,38.0,108.0,55.0,101.0,80.0,50.0
2017-02-22,22785.0,37.0,104.0,56.0,94.0,77.0,50.0
2017-02-23,21296.0,36.0,82.0,55.0,94.0,76.0,49.0
2017-02-24,20626.0,35.0,72.0,54.0,85.0,75.0,47.0
2017-02-25,20455.0,39.0,121.0,54.0,100.0,76.0,49.0
2017-02-26,20342.0,41.0,77.0,55.0,159.0,91.0,63.0
2017-02-27,22192.0,39.0,76.0,54.0,94.0,85.0,55.0
2017-02-28,23754.0,80.0,253.0,56.0,141.0,93.0,77.0
2017-03-01,25517.0,46.0,88.0,55.0,258.0,80.0,57.0
2017-03-02,26025.0,44.0,66.0,54.0,220.0,77.0,53.0
2017-03-03,28659.0,52.0,266.0,55.0,343.0,78.0,53.0
2017-03-04,27395.0,43.0,127.0,54.0,245.0,77.0,50.0
2017-03-05,22110.0,43.0,117.0,55.0,231.0,76.0,50.0
2017-03-06,20637.0,43.0,105.0,56.0,456.0,99.0,72.0
2017-03-07,24312.0,45.0,165.0,55.0,505.0,102.0,71.0
2017-03-08,31799.0,149.0,327.0,72.0,599.0,99.0,94.0
2017-03-09,31763.0,53.0,144.0,58.0,435.0,79.0,62.0
2017-03-10,37905.0,231.0,750.0,62.0,745.0,122.0,137.0
2017-03-11,41171.0,99.0,330.0,58.0,648.0,85.0,64.0
2017-03-12,45135.0,131.0,344.0,58.0,685.0,93.0,73.0
2017-03-13,47607.0,95.0,278.0,58.0,696.0,140.0,162.0
2017-03-14,48898.0,90.0,316.0,59.0,822.0,121.0,122.0
2017-03-15,51207.0,71.0,273.0,58.0,582.0,83.0,85.0
2017-03-16,48371.0,62.0,250.0,57.0,443.0,77.0,78.0
2017-03-17,42554.0,56.0,246.0,57.0,378.0,76.0,79.0
2017-03-18,42244.0,84.0,330.0,57.0,332.0,69.0,74.0
2017-03-19,39241.0,65.0,263.0,57.0,333.0,72.0,76.0
2017-03-20,34019.0,69.0,315.0,57.0,337.0,74.0,97.0
2017-03-21,33531.0,69.0,250.0,56.0,314.0,70.0,71.0
2017-03-22,40660.0,66.0,285.0,57.0,338.0,72.0,72.0
2017-03-23,46877.0,56.0,259.0,56.0,479.0,84.0,171.0
2017-03-24,51548.0,150.0,432.0,59.0,504.0,76.0,93.0
2017-03-25,57742.0,75.0,350.0,61.0,516.0,69.0,76.0
2017-03-26,56810.0,116.0,462.0,66.0,824.0,96.0,115.0
2017-03-27,64221.0,89.0,359.0,59.0,564.0,78.0,83.0
2017-03-28,55414.0,70.0,326.0,58.0,413.0,75.0,74.0
2017-03-29,39627.0,58.0,299.0,57.0,488.0,89.0,95.0
2017-03-30,38553.0,56.0,332.0,6.0,792.0,107.0,146.0
2017-03-31,52371.0,91.0,445.0,64.0,855.0,150.0,200.0
2017-04-01,63974.0,70.0,342.0,59.0,591.0,121.0,106.0
2017-04-02,61983.0,58.0,302.0,58.0,484.0,101.0,84.0
2017-04-03,51426.0,57.0,294.0,58.0,411.0,94.0,78.0
2017-04-04,44460.0,52.0,272.0,57.0,371.0,81.0,74.0
2017-04-05,46227.0,50.0,251.0,57.0,332.0,70.0,71.0
2017-04-06,45281.0,48.0,240.0,57.0,300.0,65.0,71.0
2017-04-07,38230.0,49.0,228.0,57.0,329.0,61.0,78.0
2017-04-08,31889.0,129.0,381.0,58.0,352.0,60.0,88.0
2017-04-09,35797.0,470.0,678.0,62.0,868.0,101.0,94.0
2017-04-10,44117.0,128.0,284.0,58.0,426.0,67.0,68.0
2017-04-11,43557.0,99.0,264.0,58.0,333.0,62.0,66.0
2017-04-12,44393.0,91.0,279.0,58.0,351.0,132.0,171.0
2017-04-13,43020.0,75.0,226.0,57.0,402.0,115.0,90.0
2017-04-14,43787.0,200.0,557.0,62.0,1305.0,246.0,231.0
2017-04-15,43455.0,122.0,347.0,58.0,635.0,172.0,81.0
2017-04-16,38463.0,100.0,304.0,58.0,494.0,147.0,51.0
2017-04-17,39634.0,137.0,581.0,63.0,738.0,184.0,156.0
2017-04-18,41408.0,103.0,366.0,63.0,958.0,219.0,311.0
2017-04-19,44894.0,206.0,471.0,64.0,1124.0,200.0,159.0
2017-04-20,50035.0,259.0,577.0,68.0,882.0,184.0,123.0
2017-04-21,55566.0,183.0,473.0,64.0,782.0,172.0,92.0
2017-04-22,51079.0,120.0,399.0,62.0,672.0,146.0,69.0
2017-04-23,39373.0,96.0,359.0,61.0,595.0,130.0,59.0
2017-04-24,35930.0,85.0,369.0,6.0,572.0,120.0,56.0
2017-04-25,32910.0,85.0,397.0,61.0,624.0,113.0,52.0
2017-04-26,41404.0,184.0,880.0,7.0,899.0,185.0,290.0
2017-04-27,42513.0,86.0,378.0,6.0,618.0,125.0,123.0
2017-04-28,36677.0,73.0,341.0,59.0,544.0,111.0,108.0
2017-04-29,33106.0,65.0,314.0,59.0,497.0,103.0,104.0
2017-04-30,31795.0,117.0,550.0,61.0,835.0,118.0,162.0
2017-05-01,33212.0,80.0,416.0,6.0,883.0,155.0,245.0
2017-05-02,32944.0,190.0,586.0,6.0,1311.0,172.0,171.0
2017-05-03,34849.0,101.0,417.0,64.0,901.0,143.0,88.0
2017-05-04,36772.0,160.0,570.0,61.0,949.0,129.0,77.0
2017-05-05,38611.0,111.0,427.0,61.0,842.0,125.0,72.0
2017-05-06,50286.0,436.0,829.0,75.0,1726.0,165.0,239.0
2017-05-07,54059.0,225.0,637.0,63.0,1195.0,130.0,170.0
2017-05-08,47725.0,232.0,810.0,66.0,1318.0,124.0,145.0
2017-05-09,47739.0,162.0,700.0,63.0,1249.0,117.0,134.0
2017-05-10,52262.0,354.0,877.0,65.0,1145.0,119.0,135.0
2017-05-11,62182.0,241.0,747.0,65.0,1430.0,121.0,141.0
2017-05-12,73704.0,453.0,1927.0,72.0,1958.0,175.0,377.0
2017-05-13,77129.0,264.0,1977.0,65.0,1730.0,144.0,176.0
2017-05-14,78740.0,245.0,2205.0,66.0,1565.0,172.0,205.0
2017-05-15,76349.0,214.0,1849.0,67.0,1407.0,151.0,156.0
2017-05-16,78349.0,406.0,2107.0,71.0,1862.0,214.0,232.0
2017-05-17,78024.0,299.0,1774.0,67.0,1619.0,253.0,228.0
2017-05-18,73173.0,203.0,1019.0,65.0,1239.0,149.0,145.0
2017-05-19,70701.0,167.0,738.0,64.0,1106.0,120.0,133.0
2017-05-20,65963.0,152.0,472.0,63.0,1027.0,108.0,126.0
2017-05-21,58653.0,134.0,405.0,63.0,915.0,102.0,126.0
2017-05-22,58282.0,139.0,433.0,64.0,997.0,106.0,133.0
2017-05-23,60739.0,111.0,362.0,63.0,875.0,90.0,115.0
2017-05-24,52271.0,100.0,328.0,62.0,714.0,84.0,110.0
2017-05-25,45158.0,94.0,301.0,61.0,660.0,87.0,112.0
2017-05-26,39843.0,84.0,277.0,61.0,626.0,78.0,105.0
2017-05-27,37356.0,78.0,262.0,61.0,591.0,76.0,102.0
2017-05-28,35801.0,70.0,244.0,6.0,561.0,74.0,99.0
2017-05-29,34666.0,62.0,227.0,6.0,530.0,74.0,96.0
2017-05-30,33777.0,56.0,217.0,6.0,509.0,73.0,94.0
2017-05-31,32223.0,56.0,207.0,6.0,489.0,71.0,91.0
2017-06-01,29800.0,55.0,197.0,6.0,471.0,66.0,87.0
2017-06-02,28773.0,53.0,185.0,6.0,463.0,64.0,85.0
2017-06-03,27648.0,52.0,182.0,6.0,431.0,62.0,84.0
2017-06-04,26125.0,51.0,169.0,6.0,404.0,61.0,84.0
2017-06-05,25598.0,48.0,162.0,59.0,387.0,61.0,84.0
2017-06-06,24894.0,48.0,158.0,59.0,358.0,59.0,81.0
2017-06-07,23741.0,70.0,230.0,59.0,360.0,94.0,101.0
2017-06-08,26612.0,63.0,149.0,59.0,477.0,82.0,96.0
2017-06-09,26630.0,57.0,133.0,58.0,408.0,68.0,84.0
2017-06-10,24601.0,56.0,127.0,58.0,360.0,64.0,82.0
2017-06-11,23466.0,74.0,196.0,62.0,410.0,72.0,86.0
2017-06-12,28606.0,116.0,273.0,62.0,759.0,76.0,91.0
2017-06-13,30604.0,61.0,158.0,6.0,650.0,71.0,91.0
2017-06-14,29394.0,55.0,132.0,58.0,450.0,63.0,81.0
2017-06-15,28052.0,54.0,126.0,58.0,390.0,61.0,80.0
2017-06-16,28409.0,52.0,121.0,58.0,356.0,58.0,77.0
2017-06-17,26937.0,51.0,136.0,58.0,366.0,59.0,76.0
2017-06-18,26077.0,49.0,117.0,58.0,379.0,65.0,81.0
2017-06-19,28593.0,60.0,135.0,58.0,391.0,62.0,80.0
2017-06-20,30927.0,140.0,305.0,59.0,317.0,81.0,96.0
2017-06-21,35522.0,76.0,211.0,58.0,542.0,105.0,114.0
2017-06-22,36534.0,47.0,141.0,58.0,385.0,66.0,83.0
2017-06-23,34003.0,44.0,128.0,58.0,351.0,60.0,79.0
2017-06-24,32823.0,43.0,119.0,57.0,307.0,56.0,76.0
2017-06-25,32160.0,42.0,119.0,57.0,476.0,55.0,74.0
2017-06-26,26148.0,42.0,119.0,57.0,477.0,58.0,76.0
2017-06-27,28134.0,54.0,175.0,59.0,489.0,107.0,117.0
2017-06-28,34208.0,42.0,125.0,58.0,420.0,60.0,82.0
2017-06-29,32652.0,38.0,120.0,58.0,480.0,56.0,81.0
2017-06-30,28643.0,53.0,367.0,62.0,1057.0,221.0,290.0
2017-07-01,25627.0,41.0,171.0,58.0,606.0,70.0,120.0
2017-07-02,22687.0,39.0,150.0,57.0,491.0,56.0,105.0
2017-07-03,21756.0,36.0,186.0,58.0,433.0,60.0,108.0
2017-07-04,21521.0,35.0,134.0,57.0,413.0,54.0,103.0
2017-07-05,20976.0,35.0,134.0,57.0,374.0,54.0,98.0
2017-07-06,20340.0,34.0,122.0,57.0,350.0,51.0,96.0
2017-07-07,21800.0,33.0,114.0,57.0,334.0,57.0,97.0
2017-07-08,21758.0,32.0,112.0,57.0,308.0,60.0,106.0
2017-07-09,20591.0,32.0,102.0,57.0,303.0,51.0,99.0
2017-07-10,20578.0,30.0,103.0,57.0,287.0,53.0,93.0
2017-07-11,23031.0,29.0,102.0,57.0,272.0,52.0,88.0
2017-07-12,21929.0,30.0,84.0,56.0,266.0,49.0,85.0
2017-07-13,24947.0,32.0,84.0,56.0,266.0,48.0,83.0
2017-07-14,23674.0,32.0,107.0,56.0,266.0,46.0,81.0
2017-07-15,26858.0,33.0,128.0,56.0,265.0,46.0,81.0
2017-07-16,24841.0,32.0,104.0,56.0,264.0,46.0,81.0
2017-07-17,21061.0,31.0,89.0,56.0,259.0,45.0,80.0
2017-07-18,20950.0,74.0,195.0,57.0,249.0,50.0,82.0
2017-07-19,20345.0,52.0,131.0,57.0,335.0,61.0,96.0
2017-07-20,20107.0,33.0,78.0,56.0,282.0,46.0,81.0
2017-07-21,19132.0,29.0,51.0,56.0,266.0,44.0,81.0
2017-07-22,21643.0,29.0,49.0,55.0,266.0,43.0,80.0
2017-07-23,20667.0,28.0,40.0,55.0,256.0,42.0,78.0
2017-07-24,19077.0,29.0,39.0,55.0,251.0,44.0,78.0
2017-07-25,21229.0,28.0,34.0,55.0,246.0,42.0,76.0
2017-07-26,20069.0,27.0,27.0,55.0,256.0,41.0,75.0
2017-07-27,19862.0,25.0,30.0,55.0,246.0,41.0,75.0
2017-07-28,23006.0,24.0,35.0,55.0,246.0,40.0,72.0
2017-07-29,25368.0,25.0,27.0,55.0,246.0,39.0,71.0
2017-07-30,25254.0,24.0,26.0,55.0,246.0,38.0,69.0
2017-07-31,26313.0,23.0,26.0,55.0,239.0,39.0,70.0
2017-08-01,26888.0,22.0,26.0,55.0,226.0,38.0,69.0
2017-08-02,26204.0,22.0,25.0,55.0,226.0,38.0,70.0
2017-08-03,24730.0,22.0,25.0,55.0,226.0,37.0,68.0
2017-08-04,20335.0,22.0,25.0,55.0,226.0,45.0,79.0
2017-08-05,19775.0,23.0,25.0,55.0,226.0,33.0,70.0
2017-08-06,18457.0,23.0,25.0,55.0,226.0,32.0,69.0
2017-08-07,17896.0,22.0,25.0,55.0,226.0,36.0,69.0
2017-08-08,17716.0,23.0,36.0,55.0,226.0,35.0,68.0
2017-08-09,17407.0,24.0,26.0,55.0,238.0,35.0,68.0
2017-08-10,19182.0,24.0,25.0,54.0,226.0,37.0,72.0
2017-08-11,21105.0,60.0,356.0,55.0,227.0,37.0,72.0
2017-08-12,22032.0,27.0,25.0,6.0,241.0,36.0,72.0
2017-08-13,19634.0,24.0,25.0,56.0,286.0,35.0,71.0
2017-08-14,18389.0,24.0,25.0,56.0,246.0,34.0,70.0
2017-08-15,19332.0,24.0,25.0,56.0,231.0,32.0,69.0
2017-08-16,18816.0,24.0,25.0,56.0,187.0,32.0,67.0
2017-08-17,18961.0,24.0,25.0,56.0,187.0,33.0,67.0
2017-08-18,20025.0,66.0,80.0,56.0,267.0,76.0,107.0
2017-08-19,17883.0,42.0,29.0,56.0,230.0,42.0,72.0
2017-08-20,18493.0,50.0,44.0,57.0,257.0,46.0,80.0
2017-08-21,17669.0,49.0,61.0,56.0,276.0,42.0,73.0
2017-08-22,17038.0,68.0,84.0,55.0,234.0,42.0,72.0
2017-08-23,18631.0,50.0,30.0,55.0,230.0,37.0,68.0
2017-08-24,20014.0,49.0,25.0,55.0,208.0,34.0,66.0
2017-08-25,21245.0,48.0,25.0,55.0,206.0,34.0,67.0
2017-08-26,20294.0,49.0,26.0,55.0,205.0,32.0,63.0
2017-08-27,16676.0,55.0,53.0,55.0,242.0,31.0,62.0
2017-08-28,15882.0,53.0,25.0,55.0,219.0,33.0,64.0
2017-08-29,20183.0,75.0,95.0,57.0,207.0,32.0,65.0
2017-08-30,21945.0,73.0,111.0,,286.0,30.0,63.0
2017-08-31,21267.0,57.0,25.0,,222.0,29.0,63.0
2017-09-01,21025.0,56.0,25.0,,207.0,28.0,61.0
2017-09-02,19860.0,56.0,25.0,,197.0,26.0,59.0
2017-09-03,18293.0,56.0,25.0,,187.0,26.0,59.0
2017-09-04,16996.0,53.0,25.0,,183.0,26.0,57.0
2017-09-05,17894.0,53.0,25.0,,187.0,26.0,59.0
2017-09-06,18290.0,134.0,129.0,,413.0,31.0,66.0
2017-09-07,18496.0,217.0,365.0,,545.0,78.0,104.0
2017-09-08,16723.0,144.0,216.0,,491.0,51.0,78.0
2017-09-09,18893.0,130.0,145.0,,466.0,41.0,71.0
2017-09-10,16088.0,132.0,116.0,,482.0,47.0,76.0
2017-09-11,16126.0,124.0,85.0,,307.0,44.0,73.0
2017-09-12,17916.0,122.0,53.0,,264.0,48.0,75.0
2017-09-13,17817.0,221.0,162.0,,445.0,61.0,90.0
2017-09-14,18629.0,127.0,96.0,,320.0,5.0,77.0
2017-09-15,20635.0,222.0,195.0,,627.0,143.0,169.0
2017-09-16,20864.0,110.0,171.0,,582.0,57.0,69.0
2017-09-17,16394.0,104.0,130.0,,658.0,53.0,66.0
2017-09-18,16320.0,99.0,112.0,,444.0,48.0,62.0
2017-09-19,17732.0,110.0,137.0,,397.0,15.0,139.0
2017-09-20,18246.0,105.0,79.0,,327.0,64.0,68.0
2017-09-21,19391.0,105.0,37.0,,302.0,54.0,61.0
2017-09-22,19189.0,106.0,34.0,,285.0,52.0,59.0
2017-09-23,19719.0,201.0,238.0,,428.0,113.0,95.0
2017-09-24,23375.0,112.0,154.0,,905.0,159.0,141.0
2017-09-25,19498.0,44.0,162.0,,900.0,87.0,77.0
2017-09-26,17801.0,39.0,84.0,,524.0,6.0,66.0
2017-09-27,16885.0,36.0,28.0,,440.0,56.0,62.0
2017-09-28,18508.0,102.0,254.0,,711.0,68.0,65.0
2017-09-29,22645.0,46.0,174.0,,602.0,55.0,62.0
2017-09-30,20890.0,139.0,283.0,,807.0,7.0,73.0
2017-10-01,19249.0,46.0,124.0,,560.0,48.0,64.0
2017-10-02,18042.0,40.0,105.0,,366.0,49.0,65.0
2017-10-03,20589.0,40.0,115.0,,287.0,49.0,65.0
2017-10-04,22651.0,250.0,226.0,,565.0,52.0,71.0
2017-10-05,28704.0,144.0,265.0,,948.0,58.0,81.0
2017-10-06,30902.0,42.0,226.0,56.0,434.0,48.0,66.0
2017-10-07,30846.0,38.0,197.0,56.0,346.0,48.0,63.0
2017-10-08,25656.0,33.0,176.0,56.0,466.0,129.0,154.0
2017-10-09,21689.0,31.0,158.0,56.0,451.0,99.0,141.0
2017-10-10,25009.0,27.0,135.0,55.0,373.0,55.0,89.0
2017-10-11,24866.0,45.0,179.0,56.0,287.0,48.0,83.0
2017-10-12,24403.0,27.0,130.0,55.0,263.0,47.0,79.0
2017-10-13,20037.0,26.0,125.0,55.0,325.0,48.0,76.0
2017-10-14,18801.0,25.0,122.0,55.0,314.0,46.0,75.0
2017-10-15,16871.0,26.0,106.0,55.0,264.0,45.0,75.0
2017-10-16,16300.0,24.0,94.0,55.0,241.0,44.0,74.0
2017-10-17,15983.0,24.0,92.0,55.0,212.0,44.0,74.0
2017-10-18,15567.0,25.0,97.0,55.0,199.0,42.0,72.0
2017-10-19,15789.0,25.0,97.0,59.0,291.0,154.0,235.0
2017-10-20,14660.0,25.0,87.0,55.0,133.0,64.0,91.0
2017-10-21,14347.0,24.0,72.0,55.0,108.0,57.0,86.0
2017-10-22,14204.0,25.0,170.0,69.0,711.0,72.0,94.0
2017-10-23,14601.0,25.0,118.0,57.0,345.0,64.0,97.0
2017-10-24,18027.0,44.0,238.0,59.0,1084.0,211.0,272.0
2017-10-25,19428.0,27.0,133.0,55.0,470.0,92.0,106.0
2017-10-26,17286.0,28.0,144.0,58.0,555.0,97.0,139.0
2017-10-27,17527.0,84.0,202.0,61.0,363.0,77.0,100.0
2017-10-28,19204.0,117.0,259.0,6.0,570.0,175.0,177.0
2017-10-29,18226.0,30.0,183.0,56.0,363.0,91.0,100.0
2017-10-30,16286.0,32.0,163.0,56.0,333.0,93.0,96.0
2017-10-31,17229.0,29.0,153.0,54.0,297.0,112.0,106.0
2017-11-01,18278.0,29.0,115.0,55.0,287.0,75.0,88.0
2017-11-02,18091.0,27.0,108.0,54.0,286.0,65.0,90.0
2017-11-03,20686.0,28.0,282.0,54.0,433.0,69.0,101.0
2017-11-04,24492.0,48.0,314.0,57.0,981.0,119.0,142.0
2017-11-05,26449.0,31.0,273.0,55.0,732.0,92.0,105.0
2017-11-06,23424.0,28.0,253.0,55.0,482.0,73.0,93.0
2017-11-07,20167.0,33.0,229.0,55.0,422.0,66.0,92.0
2017-11-08,22787.0,32.0,204.0,55.0,650.0,77.0,94.0
2017-11-09,22827.0,28.0,180.0,58.0,532.0,8.0,95.0
2017-11-10,23852.0,43.0,162.0,57.0,386.0,66.0,88.0
2017-11-11,22442.0,33.0,142.0,57.0,333.0,62.0,84.0
2017-11-12,19928.0,30.0,133.0,56.0,300.0,59.0,82.0
2017-11-13,19057.0,28.0,141.0,56.0,317.0,56.0,81.0
2017-11-14,21729.0,141.0,478.0,1.0,1088.0,94.0,114.0
2017-11-15,37286.0,454.0,1653.0,96.0,1816.0,148.0,230.0
2017-11-16,33747.0,102.0,559.0,63.0,1132.0,81.0,104.0
2017-11-17,39971.0,255.0,699.0,63.0,1764.0,199.0,194.0
2017-11-18,44313.0,80.0,430.0,59.0,1126.0,123.0,106.0
2017-11-19,38873.0,935.0,743.0,64.0,1151.0,104.0,93.0
2017-11-20,49443.0,257.0,726.0,6.0,1299.0,12.0,102.0
2017-11-21,56293.0,164.0,606.0,58.0,993.0,163.0,201.0
2017-11-22,45076.0,124.0,508.0,58.0,784.0,106.0,117.0
2017-11-23,40762.0,143.0,452.0,59.0,691.0,99.0,107.0
2017-11-24,44619.0,119.0,410.0,58.0,624.0,106.0,112.0
2017-11-25,42660.0,85.0,337.0,57.0,542.0,95.0,104.0
2017-11-26,38118.0,73.0,306.0,57.0,513.0,96.0,104.0
2017-11-27,36381.0,106.0,275.0,57.0,441.0,89.0,97.0
2017-11-28,35215.0,95.0,235.0,57.0,421.0,84.0,96.0
2017-11-29,33689.0,82.0,223.0,56.0,369.0,81.0,92.0
2017-11-30,32837.0,74.0,205.0,56.0,422.0,78.0,91.0
2017-12-01,32712.0,76.0,222.0,56.0,826.0,86.0,100.0
2017-12-02,37561.0,67.0,198.0,56.0,701.0,102.0,108.0
2017-12-03,41091.0,59.0,180.0,56.0,416.0,84.0,97.0
2017-12-04,39265.0,65.0,163.0,56.0,373.0,84.0,97.0
2017-12-05,36179.0,66.0,151.0,55.0,340.0,78.0,92.0
2017-12-06,33890.0,64.0,146.0,55.0,294.0,74.0,89.0
2017-12-07,32290.0,56.0,138.0,55.0,287.0,72.0,88.0
2017-12-08,31661.0,56.0,135.0,55.0,271.0,7.0,87.0
2017-12-09,32010.0,73.0,178.0,55.0,288.0,75.0,90.0
2017-12-10,37376.0,95.0,272.0,55.0,527.0,107.0,106.0
2017-12-11,46048.0,59.0,191.0,55.0,938.0,134.0,110.0
2017-12-12,46686.0,56.0,200.0,55.0,949.0,135.0,84.0
2017-12-13,49234.0,51.0,167.0,54.0,612.0,116.0,65.0
2017-12-14,40088.0,48.0,156.0,54.0,467.0,101.0,59.0
2017-12-15,36480.0,48.0,144.0,54.0,384.0,95.0,54.0
2017-12-16,33637.0,48.0,136.0,55.0,339.0,9.0,52.0
2017-12-17,30646.0,47.0,129.0,54.0,308.0,87.0,50.0
2017-12-18,29019.0,46.0,120.0,55.0,284.0,88.0,50.0
2017-12-19,30945.0,45.0,110.0,55.0,271.0,86.0,48.0
2017-12-20,33550.0,44.0,107.0,54.0,257.0,84.0,46.0
2017-12-21,33796.0,45.0,99.0,54.0,246.0,83.0,46.0
2017-12-22,35413.0,43.0,91.0,54.0,246.0,81.0,45.0
2017-12-23,37220.0,45.0,86.0,54.0,246.0,79.0,43.0
2017-12-24,37752.0,60.0,276.0,54.0,279.0,85.0,48.0
2017-12-25,39041.0,64.0,205.0,55.0,420.0,93.0,58.0
2017-12-26,36834.0,271.0,487.0,55.0,641.0,98.0,89.0
2017-12-27,42357.0,46.0,149.0,54.0,441.0,83.0,56.0
2017-12-28,50468.0,368.0,421.0,79.0,1289.0,161.0,237.0
2017-12-29,55925.0,109.0,376.0,64.0,1096.0,229.0,483.0
2017-12-30,50488.0,990.0,467.0,67.0,1151.0,149.0,162.0
2017-12-31,53948.0,438.0,356.0,61.0,922.0,153.0,127.0
2018-01-01,50989.0,451.0,498.0,85.0,1724.0,241.0,402.0
2018-01-02,44914.0,373.0,471.0,66.0,1335.0,180.0,158.0
2018-01-03,39711.0,326.0,428.0,63.0,1046.0,128.0,79.0
2018-01-04,40936.0,267.0,420.0,60.0,1022.0,119.0,71.0
2018-01-05,40529.0,228.0,503.0,59.0,972.0,109.0,65.0
2018-01-06,39638.0,234.0,501.0,59.0,724.0,110.0,63.0
2018-01-07,37996.0,262.0,458.0,59.0,666.0,104.0,57.0
2018-01-08,40003.0,209.0,399.0,59.0,610.0,104.0,58.0
2018-01-09,39751.0,306.0,624.0,59.0,664.0,150.0,124.0
2018-01-10,43372.0,239.0,476.0,58.0,587.0,118.0,75.0
2018-01-11,42308.0,195.0,384.0,58.0,475.0,109.0,71.0
2018-01-12,37824.0,182.0,351.0,58.0,459.0,109.0,73.0
2018-01-13,36663.0,181.0,430.0,58.0,471.0,104.0,69.0
2018-01-14,40159.0,189.0,453.0,58.0,699.0,114.0,109.0
2018-01-15,39505.0,164.0,542.0,58.0,534.0,114.0,66.0
2018-01-16,41912.0,264.0,902.0,58.0,557.0,109.0,60.0
2018-01-17,43773.0,185.0,665.0,57.0,570.0,104.0,57.0
2018-01-18,43840.0,174.0,618.0,57.0,566.0,100.0,54.0
2018-01-19,41885.0,157.0,540.0,57.0,440.0,98.0,51.0
2018-01-20,40307.0,149.0,476.0,57.0,373.0,96.0,50.0
2018-01-21,36339.0,147.0,426.0,,328.0,95.0,49.0
2018-01-22,34421.0,146.0,392.0,,293.0,94.0,47.0
2018-01-23,36461.0,143.0,371.0,,290.0,93.0,47.0
2018-01-24,35917.0,133.0,344.0,,275.0,91.0,44.0
2018-01-25,34020.0,125.0,320.0,,263.0,88.0,44.0
2018-01-26,30216.0,121.0,301.0,,259.0,86.0,44.0
2018-01-27,26980.0,119.0,265.0,,250.0,86.0,44.0
2018-01-28,25862.0,113.0,266.0,,252.0,86.0,44.0
2018-01-29,22939.0,113.0,264.0,,256.0,86.0,44.0
2018-01-30,21974.0,111.0,249.0,,253.0,86.0,44.0
2018-01-31,23597.0,103.0,239.0,,246.0,86.0,44.0
2018-02-01,23658.0,102.0,224.0,55.0,246.0,75.0,32.0
2018-02-02,26304.0,146.0,322.0,57.0,262.0,75.0,32.0
2018-02-03,27003.0,102.0,218.0,55.0,248.0,75.0,32.0
2018-02-04,25830.0,97.0,203.0,55.0,246.0,75.0,32.0
2018-02-05,22921.0,91.0,208.0,55.0,246.0,75.0,32.0
2018-02-06,27653.0,99.0,193.0,54.0,280.0,75.0,32.0
2018-02-07,28658.0,91.0,176.0,54.0,292.0,75.0,32.0
2018-02-08,29194.0,49.0,173.0,54.0,313.0,75.0,32.0
2018-02-09,27434.0,57.0,230.0,53.0,294.0,75.0,32.0
2018-02-10,23705.0,58.0,323.0,53.0,276.0,75.0,32.0
2018-02-11,24862.0,212.0,774.0,55.0,340.0,75.0,33.0
2018-02-12,24574.0,64.0,167.0,53.0,283.0,74.0,32.0
2018-02-13,22285.0,57.0,146.0,53.0,266.0,74.0,32.0
2018-02-14,21370.0,51.0,143.0,52.0,268.0,76.0,33.0
2018-02-15,27263.0,62.0,266.0,53.0,416.0,87.0,39.0
2018-02-16,30507.0,49.0,126.0,52.0,337.0,81.0,36.0
2018-02-17,27870.0,50.0,113.0,52.0,339.0,80.0,37.0
2018-02-18,27601.0,52.0,115.0,52.0,327.0,75.0,34.0
2018-02-19,39301.0,56.0,177.0,53.0,456.0,78.0,36.0
2018-02-20,42517.0,41.0,137.0,52.0,349.0,81.0,34.0
2018-02-21,37511.0,39.0,115.0,52.0,318.0,79.0,33.0
2018-02-22,39727.0,37.0,100.0,52.0,288.0,74.0,32.0
2018-02-23,46158.0,40.0,103.0,52.0,429.0,77.0,33.0
2018-02-24,50541.0,70.0,145.0,53.0,405.0,73.0,32.0
2018-02-25,51563.0,41.0,117.0,52.0,351.0,71.0,31.0
2018-02-26,50389.0,38.0,111.0,52.0,300.0,72.0,31.0
2018-02-27,45095.0,37.0,105.0,52.0,273.0,69.0,29.0
2018-02-28,37315.0,38.0,96.0,52.0,266.0,69.0,28.0
2018-03-01,34743.0,39.0,93.0,52.0,263.0,66.0,29.0
2018-03-02,34242.0,48.0,125.0,52.0,241.0,68.0,35.0
2018-03-03,32426.0,41.0,86.0,52.0,219.0,67.0,32.0
2018-03-04,32832.0,36.0,99.0,52.0,318.0,94.0,49.0
2018-03-05,40027.0,39.0,111.0,52.0,381.0,79.0,33.0
2018-03-06,37502.0,40.0,104.0,52.0,321.0,75.0,32.0
2018-03-07,35790.0,38.0,100.0,52.0,272.0,77.0,32.0
2018-03-08,35805.0,37.0,97.0,52.0,197.0,75.0,31.0
2018-03-09,34783.0,34.0,94.0,51.0,147.0,72.0,30.0
2018-03-10,35001.0,33.0,78.0,51.0,137.0,70.0,29.0
2018-03-11,29373.0,32.0,55.0,51.0,108.0,73.0,28.0
2018-03-12,23459.0,34.0,41.0,51.0,106.0,75.0,28.0
2018-03-13,27395.0,33.0,51.0,51.0,108.0,73.0,28.0
2018-03-14,28900.0,33.0,36.0,51.0,104.0,68.0,25.0
2018-03-15,29129.0,30.0,51.0,51.0,100.0,68.0,25.0
2018-03-16,29546.0,29.0,38.0,50.0,96.0,69.0,25.0
2018-03-17,24249.0,27.0,38.0,50.0,92.0,71.0,24.0
2018-03-18,21608.0,26.0,34.0,51.0,92.0,71.0,24.0
2018-03-19,20739.0,40.0,98.0,51.0,92.0,73.0,27.0
2018-03-20,22921.0,49.0,144.0,53.0,186.0,105.0,61.0
2018-03-21,22714.0,30.0,91.0,51.0,128.0,71.0,23.0
2018-03-22,21383.0,28.0,62.0,51.0,159.0,96.0,46.0
2018-03-23,20986.0,25.0,54.0,50.0,104.0,70.0,21.0
2018-03-24,23117.0,40.0,148.0,53.0,203.0,77.0,31.0
2018-03-25,25486.0,26.0,76.0,50.0,132.0,68.0,21.0
2018-03-26,20244.0,42.0,155.0,55.0,187.0,68.0,21.0
2018-03-27,21454.0,50.0,135.0,52.0,162.0,60.0,18.0
2018-03-28,21387.0,39.0,109.0,51.0,186.0,76.0,41.0
2018-03-29,20512.0,36.0,131.0,51.0,602.0,66.0,21.0
2018-03-30,20740.0,43.0,325.0,60.0,670.0,77.0,36.0
2018-03-31,32921.0,60.0,212.0,57.0,825.0,83.0,32.0
2018-04-01,38091.0,38.0,151.0,54.0,754.0,68.0,19.0
2018-04-02,35843.0,36.0,175.0,54.0,908.0,91.0,49.0
2018-04-03,39542.0,48.0,392.0,55.0,849.0,92.0,30.0
2018-04-04,37495.0,86.0,544.0,55.0,657.0,91.0,33.0
2018-04-05,46559.0,54.0,378.0,54.0,471.0,75.0,23.0
2018-04-06,54793.0,78.0,378.0,56.0,591.0,104.0,35.0
2018-04-07,60978.0,47.0,192.0,54.0,483.0,82.0,25.0
2018-04-08,50473.0,40.0,168.0,54.0,415.0,66.0,20.0
2018-04-09,39796.0,43.0,210.0,54.0,325.0,78.0,26.0
2018-04-10,37903.0,39.0,154.0,54.0,315.0,87.0,31.0
2018-04-11,39509.0,52.0,291.0,59.0,709.0,136.0,110.0
2018-04-12,40714.0,52.0,350.0,56.0,683.0,88.0,38.0
2018-04-13,42760.0,40.0,286.0,55.0,490.0,69.0,27.0
2018-04-14,44200.0,50.0,482.0,62.0,994.0,86.0,37.0
2018-04-15,45059.0,38.0,382.0,56.0,576.0,67.0,23.0
2018-04-16,36634.0,42.0,312.0,55.0,530.0,64.0,22.0
2018-04-17,35366.0,40.0,303.0,74.0,868.0,123.0,116.0
2018-04-18,34899.0,37.0,250.0,57.0,659.0,78.0,56.0
2018-04-19,32294.0,34.0,236.0,54.0,427.0,66.0,44.0
2018-04-20,32264.0,44.0,237.0,53.0,501.0,68.0,43.0
2018-04-21,31303.0,35.0,186.0,53.0,340.0,61.0,40.0
2018-04-22,27304.0,35.0,167.0,53.0,302.0,58.0,39.0
2018-04-23,25352.0,42.0,176.0,53.0,355.0,66.0,43.0
2018-04-24,26615.0,39.0,143.0,53.0,337.0,58.0,39.0
2018-04-25,26165.0,48.0,213.0,53.0,338.0,59.0,39.0
2018-04-26,26624.0,37.0,150.0,52.0,278.0,57.0,38.0
2018-04-27,22711.0,32.0,135.0,52.0,250.0,57.0,38.0
2018-04-28,23218.0,35.0,127.0,52.0,263.0,61.0,49.0
2018-04-29,24429.0,68.0,314.0,57.0,372.0,142.0,241.0
2018-04-30,21850.0,38.0,146.0,54.0,280.0,90.0,73.0
2018-05-01,22213.0,41.0,182.0,54.0,857.0,76.0,59.0
2018-05-02,23444.0,36.0,137.0,54.0,482.0,152.0,219.0
2018-05-03,23583.0,34.0,146.0,54.0,662.0,139.0,120.0
2018-05-04,24321.0,30.0,128.0,54.0,460.0,87.0,47.0
2018-05-05,25065.0,37.0,153.0,54.0,511.0,87.0,46.0
2018-05-06,25789.0,229.0,931.0,58.0,835.0,108.0,80.0
2018-05-07,28334.0,106.0,437.0,58.0,1128.0,178.0,124.0
2018-05-08,29023.0,72.0,308.0,55.0,841.0,166.0,88.0
2018-05-09,28210.0,158.0,406.0,61.0,1059.0,262.0,294.0
2018-05-10,29710.0,143.0,299.0,57.0,971.0,151.0,84.0
2018-05-11,27112.0,86.0,238.0,56.0,666.0,106.0,60.0
2018-05-12,22685.0,71.0,213.0,54.0,568.0,91.0,51.0
2018-05-13,23779.0,69.0,243.0,55.0,621.0,93.0,48.0
2018-05-14,30797.0,66.0,233.0,54.0,665.0,79.0,45.0
2018-05-15,29917.0,63.0,208.0,54.0,643.0,78.0,43.0
2018-05-16,25236.0,64.0,203.0,54.0,465.0,73.0,41.0
2018-05-17,24561.0,61.0,188.0,53.0,419.0,71.0,39.0
2018-05-18,24591.0,67.0,266.0,63.0,1077.0,164.0,198.0
2018-05-19,27716.0,79.0,247.0,59.0,827.0,136.0,75.0
2018-05-20,28306.0,68.0,233.0,58.0,605.0,89.0,42.0
2018-05-21,29842.0,59.0,207.0,58.0,601.0,83.0,39.0
2018-05-22,29741.0,54.0,194.0,,493.0,82.0,37.0
2018-05-23,26059.0,138.0,363.0,,1037.0,100.0,36.0
2018-05-24,28064.0,80.0,228.0,,911.0,95.0,35.0
2018-05-25,24151.0,69.0,202.0,,1087.0,559.0,409.0
2018-05-26,22144.0,62.0,189.0,,920.0,314.0,292.0
2018-05-27,22976.0,60.0,181.0,,642.0,276.0,174.0
2018-05-28,34908.0,169.0,646.0,56.0,1174.0,275.0,396.0
2018-05-29,35144.0,73.0,220.0,56.0,993.0,73.0,174.0
2018-05-30,30509.0,78.0,247.0,57.0,724.0,4.0,88.0
2018-05-31,37358.0,66.0,191.0,55.0,588.0,4.0,74.0
2018-06-01,35266.0,83.0,342.0,59.0,1458.0,49.0,107.0
2018-06-02,36044.0,65.0,229.0,56.0,769.0,13.0,65.0
2018-06-03,27453.0,66.0,216.0,55.0,594.0,11.0,56.0
2018-06-04,25278.0,57.0,200.0,55.0,534.0,12.0,53.0
2018-06-05,24449.0,55.0,191.0,54.0,580.0,18.0,53.0
2018-06-06,23945.0,57.0,179.0,54.0,502.0,19.0,50.0
2018-06-07,22534.0,53.0,164.0,54.0,425.0,8.0,46.0
2018-06-08,20268.0,52.0,152.0,54.0,377.0,1.0,45.0
2018-06-09,19613.0,79.0,389.0,55.0,368.0,,44.0
2018-06-10,21563.0,67.0,166.0,54.0,381.0,1.0,46.0
2018-06-11,25510.0,63.0,158.0,54.0,460.0,1.0,48.0
2018-06-12,23146.0,64.0,139.0,54.0,433.0,1.0,46.0
2018-06-13,22009.0,62.0,134.0,54.0,424.0,1.0,44.0
2018-06-14,19859.0,63.0,130.0,54.0,453.0,1.0,60.0
2018-06-15,20157.0,63.0,138.0,53.0,423.0,1.0,48.0
2018-06-16,19608.0,61.0,129.0,53.0,366.0,,90.0
2018-06-17,19053.0,60.0,112.0,53.0,338.0,,46.0
2018-06-18,19439.0,57.0,110.0,53.0,308.0,,42.0
2018-06-19,19623.0,55.0,114.0,53.0,286.0,,40.0
2018-06-20,19865.0,54.0,117.0,52.0,280.0,,41.0
2018-06-21,19404.0,56.0,111.0,52.0,268.0,,38.0
2018-06-22,20693.0,56.0,108.0,52.0,262.0,,37.0
2018-06-23,20954.0,56.0,108.0,52.0,252.0,,39.0
2018-06-24,20062.0,54.0,98.0,52.0,256.0,,43.0
2018-06-25,19935.0,55.0,95.0,52.0,234.0,,48.0
2018-06-26,20193.0,55.0,94.0,52.0,225.0,,46.0
2018-06-27,19222.0,52.0,83.0,52.0,207.0,,39.0
2018-06-28,20980.0,67.0,184.0,54.0,402.0,,98.0
2018-06-29,23957.0,50.0,119.0,54.0,241.0,,59.0
2018-06-30,24586.0,51.0,111.0,52.0,259.0,,56.0
2018-07-01,27473.0,50.0,106.0,52.0,233.0,,56.0
2018-07-02,26505.0,49.0,84.0,52.0,262.0,,57.0
2018-07-03,23870.0,47.0,75.0,52.0,225.0,,52.0
2018-07-04,22841.0,46.0,93.0,52.0,207.0,,48.0
2018-07-05,21025.0,45.0,90.0,52.0,205.0,,46.0
2018-07-06,20257.0,43.0,69.0,52.0,209.0,,46.0
2018-07-07,19650.0,45.0,71.0,52.0,211.0,,41.0
2018-07-08,18723.0,43.0,69.0,52.0,191.0,,36.0
2018-07-09,18260.0,45.0,67.0,52.0,185.0,,31.0
2018-07-10,18503.0,44.0,68.0,52.0,166.0,,30.0
2018-07-11,19233.0,48.0,172.0,52.0,235.0,,53.0
2018-07-12,18948.0,42.0,48.0,51.0,172.0,,27.0
2018-07-13,17926.0,43.0,45.0,51.0,152.0,,26.0
2018-07-14,16604.0,43.0,116.0,51.0,147.0,,26.0
2018-07-15,16328.0,42.0,30.0,51.0,147.0,,29.0
2018-07-16,16297.0,40.0,27.0,51.0,136.0,,26.0
2018-07-17,17952.0,36.0,26.0,52.0,128.0,,25.0
2018-07-18,17402.0,37.0,28.0,51.0,120.0,,31.0
2018-07-19,17627.0,39.0,26.0,51.0,122.0,,30.0
2018-07-20,17435.0,42.0,33.0,51.0,128.0,,30.0
2018-07-21,16509.0,38.0,27.0,51.0,122.0,,28.0
2018-07-22,15953.0,39.0,27.0,51.0,120.0,,34.0
2018-07-23,15950.0,39.0,28.0,51.0,108.0,,38.0
2018-07-24,16642.0,59.0,235.0,51.0,193.0,,44.0
2018-07-25,17869.0,39.0,30.0,50.0,139.0,,38.0
2018-07-26,17850.0,34.0,57.0,50.0,132.0,,35.0
2018-07-27,19236.0,34.0,35.0,50.0,145.0,,44.0
2018-07-28,19841.0,33.0,,,241.0,,
2018-07-29,17840.0,70.0,,,157.0,,
2018-07-30,16943.0,43.0,,,131.0,,
2018-07-31,24224.0,83.0,,,564.0,,
2018-08-01,27474.0,39.0,,,198.0,,
2018-08-02,24058.0,35.0,,,176.0,,
2018-08-03,21157.0,32.0,,,140.0,,
2018-08-04,21228.0,42.0,,,105.0,,
2018-08-05,24022.0,120.0,,,128.0,,
2018-08-06,20879.0,43.0,,,105.0,,
2018-08-07,19120.0,35.0,,50.0,102.0,,27.0
2018-08-08,18628.0,32.0,,50.0,100.0,,29.0
2018-08-09,17950.0,31.0,,50.0,159.0,,26.0
2018-08-10,18549.0,30.0,,50.0,199.0,,25.0
2018-08-11,17568.0,27.0,,51.0,194.0,,23.0
2018-08-12,17356.0,26.0,,50.0,190.0,,22.0
2018-08-13,16865.0,26.0,,50.0,187.0,,23.0
2018-08-14,17050.0,28.0,,50.0,190.0,,29.0
2018-08-15,19369.0,28.0,,50.0,192.0,,29.0
2018-08-16,17905.0,26.0,,50.0,176.0,,26.0
2018-08-17,19555.0,24.0,,50.0,132.0,,25.0
2018-08-18,15010.0,20.0,,50.0,97.0,,22.0
2018-08-19,13863.0,20.0,,50.0,93.0,,21.0
2018-08-20,13574.0,19.0,,50.0,95.0,,20.0
2018-08-21,13524.0,18.0,,50.0,94.0,,20.0
2018-08-22,15368.0,21.0,,50.0,111.0,,19.0
2018-08-23,18029.0,20.0,,50.0,94.0,,19.0
2018-08-24,18409.0,20.0,,50.0,95.0,,20.0
2018-08-25,18624.0,19.0,,50.0,85.0,,19.0
2018-08-26,15958.0,15.0,,50.0,84.0,,19.0
2018-08-27,15546.0,15.0,,50.0,91.0,,19.0
2018-08-28,18222.0,16.0,,50.0,136.0,,19.0
2018-08-29,24106.0,15.0,,50.0,154.0,,20.0
2018-08-30,24173.0,17.0,,50.0,132.0,,19.0
2018-08-31,22066.0,16.0,,50.0,127.0,,19.0
2018-09-01,18843.0,17.0,,50.0,102.0,,19.0
2018-09-02,16837.0,14.0,,50.0,80.0,,19.0
2018-09-03,16093.0,13.0,,50.0,82.0,,20.0
2018-09-04,16086.0,16.0,,50.0,84.0,,19.0
2018-09-05,15470.0,19.0,,50.0,85.0,,19.0
2018-09-06,15387.0,20.0,,50.0,85.0,,19.0
2018-09-07,18030.0,25.0,,50.0,85.0,,19.0
2018-09-08,18444.0,32.0,,50.0,88.0,,19.0
2018-09-09,17616.0,32.0,,50.0,84.0,,18.0
2018-09-10,14941.0,22.0,,49.0,85.0,,18.0
2018-09-11,16566.0,12.0,,49.0,84.0,,17.0
2018-09-12,21492.0,13.0,,50.0,85.0,,19.0
2018-09-13,22650.0,22.0,,52.0,183.0,,21.0
2018-09-14,25196.0,55.0,,48.0,211.0,,16.0
2018-09-15,24532.0,44.0,,48.0,342.0,,27.0
2018-09-16,24243.0,36.0,,49.0,250.0,,41.0
2018-09-17,22680.0,25.0,,48.0,101.0,,22.0
2018-09-18,19943.0,21.0,,48.0,92.0,,20.0
2018-09-19,21458.0,28.0,,48.0,92.0,,17.0
2018-09-20,24113.0,28.0,,47.0,92.0,,16.0
2018-09-21,21952.0,23.0,,47.0,88.0,,16.0
2018-09-22,18906.0,20.0,,47.0,84.0,,15.0
2018-09-23,18274.0,17.0,,47.0,84.0,,15.0
2018-09-24,17890.0,20.0,,47.0,84.0,,15.0
2018-09-25,17454.0,22.0,,,84.0,,
2018-09-26,17352.0,24.0,,,99.0,,
2018-09-27,17716.0,28.0,,48.0,105.0,,15.0
2018-09-28,18233.0,32.0,,47.0,90.0,,13.0
2018-09-29,18062.0,30.0,,47.0,85.0,,
2018-09-30,17909.0,27.0,,47.0,84.0,,
2018-10-01,17871.0,31.0,25.0,47.0,84.0,,
2018-10-02,17859.0,19.0,25.0,47.0,84.0,,
2018-10-03,17673.0,13.0,45.0,47.0,177.0,,17.0
2018-10-04,23419.0,44.0,162.0,50.0,334.0,,24.0
2018-10-05,28755.0,62.0,127.0,49.0,387.0,,25.0
2018-10-06,29846.0,31.0,27.0,47.0,124.0,,18.0
2018-10-07,18945.0,26.0,26.0,47.0,99.0,,18.0
2018-10-08,18201.0,58.0,139.0,51.0,292.0,,38.0
2018-10-09,22446.0,33.0,27.0,47.0,130.0,,22.0
2018-10-10,22243.0,57.0,86.0,48.0,292.0,,22.0
2018-10-11,30980.0,147.0,307.0,52.0,378.0,,21.0
2018-10-12,26721.0,28.0,45.0,48.0,141.0,,20.0
2018-10-13,20673.0,19.0,32.0,47.0,114.0,,19.0
2018-10-14,17212.0,15.0,26.0,47.0,105.0,,19.0
2018-10-15,15748.0,17.0,25.0,47.0,96.0,,19.0
2018-10-16,15214.0,16.0,25.0,47.0,92.0,,19.0
2018-10-17,18126.0,18.0,25.0,47.0,92.0,,20.0
2018-10-18,21012.0,19.0,25.0,47.0,131.0,,22.0
2018-10-19,23751.0,18.0,25.0,,172.0,,22.0
2018-10-20,24836.0,30.0,228.0,,341.0,,27.0
2018-10-21,20597.0,20.0,71.0,48.0,423.0,,31.0
2018-10-22,17856.0,19.0,93.0,47.0,499.0,,28.0
2018-10-23,21745.0,21.0,108.0,47.0,454.0,,27.0
2018-10-24,21487.0,20.0,83.0,47.0,534.0,,27.0
2018-10-25,23051.0,22.0,81.0,47.0,295.0,,25.0
2018-10-26,22589.0,20.0,35.0,46.0,254.0,,
2018-10-27,23231.0,20.0,,47.0,339.0,,32.0
2018-10-28,23041.0,16.0,,47.0,212.0,,29.0
2018-10-29,21867.0,20.0,,47.0,201.0,,31.0
2018-10-30,25353.0,16.0,,47.0,194.0,,28.0
2018-10-31,27459.0,19.0,,47.0,194.0,,34.0
2018-11-01,28336.0,27.0,,47.0,682.0,,26.0
2018-11-02,26499.0,30.0,,49.0,447.0,,35.0
2018-11-03,33888.0,40.0,,49.0,622.0,,24.0
2018-11-04,34742.0,33.0,,49.0,678.0,,25.0
2018-11-05,47460.0,66.0,,48.0,683.0,,22.0
2018-11-06,51950.0,33.0,,47.0,481.0,,19.0
2018-11-07,42169.0,23.0,,47.0,382.0,,19.0
2018-11-08,34129.0,19.0,,47.0,374.0,,23.0
2018-11-09,34885.0,20.0,,47.0,377.0,,24.0
2018-11-10,33748.0,25.0,,47.0,318.0,,25.0
2018-11-11,29094.0,47.0,,47.0,307.0,,31.0
2018-11-12,26968.0,25.0,,47.0,270.0,,28.0
2018-11-13,27392.0,20.0,,47.0,248.0,,25.0
2018-11-14,25398.0,18.0,,47.0,245.0,,24.0
2018-11-15,26638.0,15.0,,46.0,250.0,,24.0
2018-11-16,24083.0,18.0,,46.0,202.0,,22.0
2018-11-17,21754.0,25.0,,46.0,183.0,,23.0
2018-11-18,24231.0,23.0,,47.0,227.0,,25.0
2018-11-19,34172.0,34.0,,50.0,460.0,,29.0
2018-11-20,34133.0,29.0,,50.0,467.0,,27.0
2018-11-21,33927.0,52.0,,50.0,,,37.0
2018-11-22,37033.0,27.0,,48.0,257.0,,23.0
2018-11-23,29726.0,26.0,,48.0,251.0,,20.0
2018-11-24,25497.0,25.0,,48.0,388.0,,22.0
2018-11-25,23587.0,21.0,,48.0,308.0,,19.0
2018-11-26,29039.0,45.0,,50.0,580.0,,23.0
2018-11-27,47036.0,110.0,,59.0,1039.0,,34.0
2018-11-28,41764.0,82.0,,51.0,619.0,,24.0
2018-11-29,37988.0,53.0,,49.0,465.0,,21.0
2018-11-30,39072.0,49.0,,49.0,625.0,,33.0
2018-12-01,59390.0,210.0,,58.0,743.0,,28.0
2018-12-02,62079.0,82.0,,51.0,544.0,,26.0
2018-12-03,55360.0,64.0,,50.0,417.0,,24.0
2018-12-04,50481.0,57.0,,49.0,330.0,,21.0
2018-12-05,49463.0,93.0,,51.0,407.0,,23.0
2018-12-06,60876.0,260.0,,56.0,880.0,,28.0
2018-12-07,65851.0,143.0,,52.0,531.0,,21.0
2018-12-08,59488.0,92.0,,50.0,381.0,,20.0
2018-12-09,52427.0,79.0,,50.0,328.0,,19.0
2018-12-10,45381.0,69.0,,50.0,299.0,,17.0
2018-12-11,42435.0,63.0,,49.0,250.0,,16.0
2018-12-12,41004.0,60.0,,49.0,245.0,,16.0
2018-12-13,42019.0,56.0,,49.0,236.0,,17.0
2018-12-14,43268.0,54.0,,49.0,233.0,,19.0
2018-12-15,41150.0,52.0,,48.0,228.0,,19.0
2018-12-16,40864.0,49.0,,48.0,170.0,,18.0
2018-12-17,32802.0,46.0,,48.0,169.0,,18.0
2018-12-18,29443.0,44.0,,48.0,167.0,,17.0
2018-12-19,28851.0,42.0,,48.0,159.0,,17.0
2018-12-20,25798.0,42.0,,48.0,147.0,,16.0
2018-12-21,24188.0,41.0,,48.0,221.0,,17.0
2018-12-22,23020.0,39.0,,48.0,167.0,,16.0
2018-12-23,19319.0,36.0,,48.0,161.0,,15.0
2018-12-24,17509.0,36.0,,48.0,153.0,,15.0
2018-12-25,16907.0,31.0,,48.0,147.0,,15.0
2018-12-26,16265.0,29.0,,48.0,147.0,,15.0
2018-12-27,15683.0,26.0,,48.0,148.0,,16.0
2018-12-28,15274.0,26.0,,48.0,134.0,,15.0
2018-12-29,13734.0,27.0,,48.0,128.0,,14.0
2018-12-30,12993.0,26.0,,48.0,128.0,,14.0
2018-12-31,12682.0,26.0,,48.0,128.0,,14.0
2019-01-01,12588.0,21.0,95.0,48.0,128.0,,14.0
2019-01-02,11974.0,20.0,97.0,48.0,128.0,,14.0
2019-01-03,11654.0,23.0,97.0,48.0,128.0,,14.0
2019-01-04,12874.0,23.0,80.0,48.0,128.0,,14.0
2019-01-05,13682.0,25.0,74.0,48.0,128.0,,14.0
2019-01-06,14043.0,26.0,76.0,48.0,128.0,,13.0
2019-01-07,14575.0,29.0,117.0,48.0,138.0,,14.0
2019-01-08,16175.0,24.0,100.0,48.0,128.0,,15.0
2019-01-09,16262.0,58.0,275.0,51.0,237.0,,19.0
2019-01-10,18757.0,28.0,138.0,48.0,170.0,,17.0
2019-01-11,16988.0,24.0,102.0,48.0,140.0,,14.0
2019-01-12,15646.0,23.0,94.0,48.0,108.0,,14.0
2019-01-13,15063.0,26.0,96.0,48.0,101.0,,14.0
2019-01-14,16556.0,35.0,114.0,48.0,136.0,,15.0
2019-01-15,18111.0,31.0,110.0,48.0,160.0,,14.0
2019-01-16,16510.0,26.0,94.0,48.0,128.0,,14.0
2019-01-17,15323.0,24.0,83.0,50.0,128.0,,14.0
2019-01-18,16266.0,21.0,77.0,52.0,119.0,,13.0
2019-01-19,14302.0,20.0,,52.0,108.0,,
2019-01-20,14831.0,20.0,,52.0,116.0,,
2019-01-21,14103.0,18.0,55.0,50.0,145.0,,17.0
2019-01-22,13939.0,18.0,49.0,48.0,108.0,,16.0
2019-01-23,13564.0,19.0,30.0,48.0,108.0,,17.0
2019-01-24,13268.0,17.0,28.0,48.0,108.0,,17.0
2019-01-25,13068.0,18.0,32.0,48.0,108.0,,17.0
2019-01-26,19473.0,18.0,27.0,48.0,108.0,,18.0
2019-01-27,27943.0,15.0,27.0,48.0,108.0,,16.0
2019-01-28,32637.0,18.0,72.0,50.0,115.0,,14.0
2019-01-29,36044.0,24.0,40.0,50.0,109.0,,16.0
2019-01-30,36020.0,21.0,27.0,50.0,108.0,,15.0
2019-01-31,36108.0,28.0,27.0,50.0,108.0,,15.0
2019-02-01,38116.0,25.0,77.0,49.0,120.0,,16.0
2019-02-02,40303.0,21.0,31.0,49.0,124.0,,15.0
2019-02-03,30865.0,22.0,30.0,49.0,108.0,,16.0
2019-02-04,20819.0,18.0,26.0,48.0,108.0,,16.0
2019-02-05,18353.0,16.0,26.0,48.0,108.0,,16.0
2019-02-06,16416.0,15.0,46.0,48.0,162.0,,16.0
2019-02-07,16021.0,36.0,234.0,49.0,248.0,,25.0
2019-02-08,19916.0,55.0,279.0,54.0,806.0,,42.0
2019-02-09,22137.0,48.0,355.0,50.0,394.0,,17.0
2019-02-10,19598.0,38.0,192.0,50.0,678.0,,20.0
2019-02-11,18323.0,32.0,177.0,50.0,487.0,,22.0
2019-02-12,16942.0,33.0,206.0,49.0,360.0,,22.0
2019-02-13,15396.0,23.0,188.0,48.0,248.0,,21.0
2019-02-14,14421.0,21.0,155.0,48.0,196.0,,19.0
2019-02-15,13797.0,25.0,125.0,48.0,177.0,,18.0
2019-02-16,13219.0,,114.0,48.0,156.0,,17.0
2019-02-17,14324.0,,471.0,52.0,317.0,,30.0
2019-02-18,13772.0,,187.0,48.0,752.0,,21.0
2019-02-19,15908.0,,356.0,48.0,493.0,,16.0
2019-02-20,16876.0,,171.0,47.0,341.0,,25.0
2019-02-21,17132.0,,134.0,47.0,256.0,,22.0
2019-02-22,18147.0,,130.0,46.0,260.0,,20.0
2019-02-23,17559.0,,125.0,48.0,334.0,,33.0
2019-02-24,19687.0,,126.0,48.0,225.0,,31.0
2019-02-25,28122.0,,108.0,47.0,192.0,,25.0
2019-02-26,21589.0,,97.0,47.0,197.0,,21.0
2019-02-27,23514.0,,226.0,48.0,197.0,,20.0
2019-02-28,28767.0,,114.0,47.0,232.0,,20.0
2019-03-01,25015.0,,97.0,47.0,179.0,,16.0
2019-03-02,23086.0,,106.0,47.0,167.0,,16.0
2019-03-03,21413.0,,90.0,47.0,160.0,,16.0
2019-03-04,20767.0,,92.0,47.0,270.0,,15.0
2019-03-05,19789.0,,77.0,47.0,250.0,,17.0
2019-03-06,20725.0,,74.0,47.0,151.0,,18.0
2019-03-07,17675.0,,135.0,47.0,149.0,,15.0
2019-03-08,25294.0,,60.0,47.0,147.0,,14.0
2019-03-09,27458.0,,56.0,47.0,147.0,,13.0
2019-03-10,26447.0,,58.0,46.0,147.0,,13.0
2019-03-11,22517.0,,79.0,47.0,147.0,,14.0
2019-03-12,27643.0,,97.0,47.0,147.0,,29.0
2019-03-13,28557.0,,41.0,46.0,149.0,,18.0
2019-03-14,30763.0,,258.0,52.0,261.0,,18.0
2019-03-15,35031.0,,61.0,47.0,161.0,,15.0
2019-03-16,29460.0,,50.0,,147.0,,18.0
2019-03-17,22513.0,,41.0,,147.0,,15.0
2019-03-18,20856.0,45.0,111.0,,234.0,,16.0
2019-03-19,26625.0,63.0,190.0,,1152.0,,53.0
2019-03-20,37527.0,45.0,108.0,,399.0,,28.0
2019-03-21,29864.0,60.0,306.0,,386.0,,37.0
2019-03-22,28290.0,46.0,290.0,,533.0,,34.0
2019-03-23,31541.0,43.0,212.0,,392.0,,29.0
2019-03-24,28479.0,43.0,176.0,,355.0,,38.0
2019-03-25,28090.0,40.0,163.0,,281.0,,27.0
2019-03-26,26420.0,38.0,152.0,,266.0,,23.0
2019-03-27,24398.0,39.0,151.0,,248.0,,21.0
2019-03-28,26222.0,39.0,178.0,,220.0,,19.0
2019-03-29,32709.0,112.0,411.0,,1257.0,,279.0
2019-03-30,43360.0,40.0,163.0,,546.0,,54.0
2019-03-31,33196.0,39.0,210.0,,347.0,,42.0
2019-04-01,26646.0,47.0,162.0,,419.0,,86.0
2019-04-02,38295.0,45.0,292.0,,500.0,,251.0
2019-04-03,39504.0,43.0,167.0,,708.0,,121.0
2019-04-04,37750.0,40.0,207.0,,787.0,,66.0
2019-04-05,36843.0,42.0,280.0,,784.0,,56.0
2019-04-06,50943.0,59.0,615.0,,1052.0,,60.0
2019-04-07,54064.0,37.0,408.0,,655.0,,52.0
2019-04-08,38194.0,40.0,351.0,49.0,617.0,,47.0
2019-04-09,34999.0,51.0,354.0,48.0,608.0,,106.0
2019-04-10,34033.0,50.0,391.0,48.0,767.0,,71.0
2019-04-11,35123.0,44.0,330.0,,618.0,,48.0
2019-04-12,33707.0,56.0,345.0,,594.0,,53.0
2019-04-13,31040.0,64.0,356.0,,1163.0,,52.0
2019-04-14,31051.0,22.0,275.0,,761.0,,
2019-04-15,38263.0,57.0,448.0,,1374.0,,141.0
2019-04-16,38179.0,27.0,291.0,,847.0,,61.0
2019-04-17,33459.0,51.0,,,1156.0,,
2019-04-18,36696.0,34.0,,,895.0,,
2019-04-19,38113.0,95.0,,,1308.0,,
2019-04-20,38349.0,57.0,,,1390.0,,
2019-04-21,44106.0,134.0,701.0,,2330.0,,256.0
2019-04-22,49880.0,99.0,552.0,,2063.0,,436.0
2019-04-23,48064.0,75.0,582.0,54.0,2243.0,,283.0
2019-04-24,54319.0,71.0,549.0,53.0,2008.0,,157.0
2019-04-25,50633.0,60.0,486.0,52.0,1553.0,,177.0
2019-04-26,44522.0,55.0,515.0,52.0,1469.0,,443.0
2019-04-27,42679.0,47.0,358.0,52.0,1214.0,,169.0
2019-04-28,42345.0,43.0,334.0,51.0,827.0,,109.0
2019-04-29,38976.0,42.0,,,657.0,,
2019-04-30,36430.0,40.0,,,567.0,,
2019-05-01,33324.0,38.0,228.0,,508.0,,
2019-05-02,33134.0,34.0,210.0,,461.0,,
2019-05-03,32565.0,33.0,203.0,,383.0,,
2019-05-04,31834.0,34.0,200.0,,333.0,,
2019-05-05,31243.0,29.0,178.0,,305.0,,
2019-05-06,33113.0,28.0,174.0,,268.0,,
2019-05-07,27911.0,29.0,164.0,,260.0,,
2019-05-08,25505.0,26.0,150.0,,266.0,,
2019-05-09,29611.0,66.0,147.0,,723.0,,
2019-05-10,33106.0,30.0,163.0,53.0,655.0,,
2019-05-11,28757.0,24.0,186.0,50.0,374.0,,
2019-05-12,23000.0,23.0,195.0,50.0,351.0,,
2019-05-13,23214.0,20.0,272.0,50.0,323.0,,
2019-05-14,21387.0,,204.0,50.0,289.0,,
2019-05-15,23478.0,,432.0,50.0,339.0,,72.0
2019-05-16,25534.0,,424.0,50.0,354.0,,70.0
2019-05-17,27877.0,,503.0,64.0,662.0,,71.0
2019-05-18,26878.0,,441.0,55.0,688.0,,66.0
2019-05-19,44084.0,,903.0,72.0,898.0,,82.0
2019-05-20,52929.0,,738.0,62.0,570.0,,94.0
2019-05-21,35586.0,,580.0,56.0,426.0,,72.0
2019-05-22,28492.0,,785.0,59.0,587.0,,270.0
2019-05-23,30639.0,,662.0,58.0,477.0,,130.0
2019-05-24,35441.0,,553.0,55.0,439.0,,86.0
2019-05-25,32566.0,,1064.0,,1098.0,,179.0
2019-05-26,42210.0,,775.0,,758.0,,109.0
2019-05-27,34463.0,,647.0,54.0,565.0,,94.0
2019-05-28,29035.0,,751.0,54.0,553.0,,99.0
2019-05-29,33385.0,,628.0,53.0,577.0,,102.0
2019-05-30,32789.0,,639.0,55.0,699.0,,121.0
2019-05-31,34350.0,,1206.0,56.0,801.0,,101.0
2019-06-01,40351.0,,729.0,55.0,711.0,,76.0
2019-06-02,40371.0,,662.0,54.0,562.0,,74.0
2019-06-03,46363.0,,585.0,54.0,462.0,,74.0
2019-06-04,43441.0,,532.0,54.0,513.0,,70.0
2019-06-05,41157.0,,493.0,53.0,519.0,,68.0
2019-06-06,41498.0,,439.0,55.0,512.0,,76.0
2019-06-07,45004.0,,508.0,57.0,1109.0,,154.0
2019-06-08,49653.0,,331.0,55.0,708.0,,95.0
2019-06-09,44774.0,,302.0,54.0,434.0,,78.0
2019-06-10,33436.0,,272.0,53.0,562.0,,136.0
2019-06-11,32887.0,,257.0,53.0,535.0,,96.0
2019-06-12,32163.0,,232.0,53.0,448.0,,74.0
2019-06-13,32382.0,,207.0,53.0,505.0,,204.0
2019-06-14,32482.0,,201.0,53.0,424.0,,121.0
2019-06-15,43017.0,,185.0,53.0,385.0,,100.0
2019-06-16,45806.0,,661.0,53.0,723.0,,86.0
2019-06-17,38579.0,,329.0,52.0,411.0,,77.0
2019-06-18,38151.0,,265.0,52.0,388.0,,71.0
2019-06-19,36246.0,,241.0,52.0,358.0,,68.0
2019-06-20,31544.0,,214.0,52.0,332.0,,68.0
2019-06-21,33401.0,,203.0,52.0,328.0,,93.0
2019-06-22,29424.0,,181.0,52.0,291.0,,69.0
2019-06-23,27719.0,,171.0,52.0,278.0,,68.0
2019-06-24,37834.0,,160.0,52.0,266.0,,66.0
2019-06-25,40948.0,,272.0,53.0,357.0,,145.0
2019-06-26,40169.0,,155.0,52.0,264.0,,71.0
2019-06-27,38763.0,,150.0,52.0,245.0,,67.0
2019-06-28,37231.0,,140.0,52.0,231.0,,63.0
2019-06-29,25600.0,,133.0,52.0,219.0,,61.0
2019-06-30,21193.0,,783.0,52.0,259.0,,60.0
2019-07-01,20529.0,,248.0,52.0,334.0,,60.0
2019-07-02,19520.0,,160.0,52.0,255.0,,57.0
2019-07-03,19626.0,,159.0,51.0,227.0,,56.0
2019-07-04,20041.0,,142.0,51.0,252.0,,57.0
2019-07-05,20203.0,,149.0,52.0,212.0,,54.0
2019-07-06,24136.0,,127.0,51.0,199.0,,52.0
2019-07-07,21992.0,,117.0,51.0,188.0,,51.0
2019-07-08,17966.0,,113.0,51.0,187.0,,50.0
2019-07-09,19533.0,,115.0,51.0,192.0,,50.0
2019-07-10,18559.0,,99.0,50.0,187.0,,51.0
2019-07-11,18251.0,,93.0,50.0,187.0,,52.0
2019-07-12,16965.0,,95.0,51.0,187.0,,52.0
2019-07-13,16683.0,,89.0,50.0,187.0,,52.0
2019-07-14,16602.0,,89.0,51.0,205.0,,53.0
2019-07-15,17548.0,,85.0,52.0,301.0,,61.0
2019-07-16,17034.0,,81.0,52.0,207.0,,47.0
2019-07-17,16029.0,,77.0,52.0,196.0,,46.0
2019-07-18,15836.0,,65.0,51.0,241.0,,46.0
2019-07-19,15174.0,,66.0,51.0,207.0,,46.0
2019-07-20,14955.0,,95.0,51.0,207.0,,47.0
2019-07-21,15180.0,,57.0,51.0,216.0,,44.0
2019-07-22,15610.0,,64.0,51.0,207.0,,54.0
2019-07-23,15901.0,,61.0,52.0,217.0,,55.0
2019-07-24,17450.0,,72.0,52.0,207.0,,54.0
2019-07-25,17450.0,,59.0,53.0,207.0,,54.0
2019-07-26,19072.0,,,50.0,207.0,,57.0
2019-07-27,17944.0,,,50.0,207.0,,55.0
2019-07-28,17397.0,,,50.0,207.0,,57.0
2019-07-29,17882.0,,,50.0,207.0,,64.0
2019-07-30,21319.0,,36.0,50.0,206.0,,61.0
2019-07-31,25583.0,,26.0,50.0,197.0,,62.0
2019-08-01,26502.0,,25.0,50.0,187.0,,70.0
2019-08-02,24521.0,,25.0,50.0,187.0,,70.0
2019-08-03,23375.0,,57.0,50.0,197.0,,62.0
2019-08-04,19344.0,,95.0,50.0,230.0,,54.0
2019-08-05,18075.0,,26.0,50.0,207.0,,
2019-08-06,18051.0,,,51.0,207.0,,
2019-08-07,17871.0,,,51.0,,,42.0
2019-08-08,16694.0,,,51.0,207.0,,43.0
2019-08-09,16089.0,,,51.0,137.0,,43.0
2019-08-10,16830.0,,25.0,51.0,92.0,,41.0
2019-08-11,16932.0,,25.0,51.0,92.0,,40.0
2019-08-12,16325.0,,25.0,51.0,92.0,,42.0
2019-08-13,16812.0,,25.0,52.0,92.0,,36.0
2019-08-14,17782.0,,25.0,53.0,92.0,,37.0
2019-08-15,22932.0,,25.0,53.0,92.0,,41.0
2019-08-16,20028.0,,25.0,53.0,92.0,,40.0
2019-08-17,19397.0,,25.0,53.0,92.0,,44.0
2019-08-18,19413.0,,25.0,53.0,92.0,,44.0
2019-08-19,16748.0,,25.0,53.0,92.0,,44.0
2019-08-20,16445.0,,38.0,53.0,92.0,,44.0
2019-08-21,16204.0,,25.0,53.0,92.0,,46.0
2019-08-22,19850.0,,25.0,53.0,92.0,,42.0
2019-08-23,17270.0,,25.0,53.0,92.0,,40.0
2019-08-24,16988.0,,25.0,53.0,92.0,,48.0
2019-08-25,17243.0,,25.0,53.0,92.0,,47.0
2019-08-26,17895.0,,25.0,52.0,92.0,,48.0
2019-08-27,16758.0,,25.0,52.0,92.0,,43.0
2019-08-28,16469.0,,,52.0,92.0,,
2019-08-29,16452.0,3.0,,52.0,92.0,,
2019-08-30,16199.0,3.0,,52.0,92.0,,
2019-08-31,15949.0,4.0,,52.0,92.0,,
2019-09-01,16024.0,7.0,,52.0,92.0,,
2019-09-02,15285.0,7.0,,52.0,92.0,,
2019-09-03,17805.0,4.0,,52.0,92.0,,
2019-09-04,18909.0,4.0,,52.0,92.0,,
2019-09-05,19020.0,4.0,25.0,52.0,92.0,,
2019-09-06,18403.0,4.0,25.0,52.0,92.0,,
2019-09-07,18503.0,4.0,25.0,52.0,92.0,,
2019-09-08,16339.0,5.0,25.0,52.0,92.0,,
2019-09-09,14922.0,4.0,25.0,52.0,92.0,,
2019-09-10,15049.0,5.0,25.0,52.0,92.0,,
2019-09-11,18074.0,11.0,25.0,51.0,92.0,,
2019-09-12,18708.0,8.0,27.0,51.0,92.0,,
2019-09-13,16853.0,9.0,70.0,50.0,92.0,,92.0
2019-09-14,16238.0,3.0,25.0,,92.0,,87.0
2019-09-15,16142.0,4.0,25.0,,92.0,,90.0
2019-09-16,15421.0,8.0,25.0,,92.0,,87.0
2019-09-17,15510.0,2.0,25.0,,92.0,,92.0
2019-09-18,16449.0,55.0,111.0,,115.0,,112.0
2019-09-19,23505.0,,247.0,,129.0,,171.0
2019-09-20,22464.0,,26.0,,117.0,,116.0
2019-09-21,23894.0,,26.0,,92.0,,141.0
2019-09-22,21513.0,,25.0,,92.0,,127.0
2019-09-23,18638.0,,25.0,,92.0,,108.0
2019-09-24,17517.0,,57.0,,92.0,,102.0
2019-09-25,18648.0,,31.0,,92.0,,96.0
2019-09-26,18598.0,,35.0,,92.0,,130.0
2019-09-27,18462.0,,25.0,,81.0,,73.0
2019-09-28,17818.0,,125.0,,113.0,,219.0
2019-09-29,15970.0,,60.0,,395.0,,164.0
2019-09-30,16640.0,,167.0,,453.0,,181.0
2019-10-01,21101.0,,395.0,,578.0,,302.0
2019-10-02,19822.0,,38.0,,143.0,,318.0
2019-10-03,17698.0,,32.0,,98.0,,410.0
2019-10-04,16641.0,,26.0,,89.0,,641.0
2019-10-05,14741.0,,25.0,,82.0,,1558.0
2019-10-06,13565.0,,25.0,,83.0,,1825.0
2019-10-07,13427.0,,51.0,,82.0,,941.0
2019-10-08,13935.0,,25.0,,81.0,,525.0
2019-10-09,15048.0,,25.0,,83.0,,515.0
2019-10-10,14582.0,,25.0,,115.0,,573.0
2019-10-11,14757.0,,25.0,,103.0,,501.0
2019-10-12,18740.0,,27.0,,110.0,,453.0
2019-10-13,17358.0,,225.0,,479.0,,577.0
2019-10-14,15852.0,,26.0,,146.0,,357.0
2019-10-15,13989.0,,29.0,,102.0,,357.0
2019-10-16,14770.0,,25.0,,103.0,,371.0
2019-10-17,16488.0,,,,111.0,,352.0
2019-10-18,17503.0,,,,139.0,,447.0
2019-10-19,22820.0,,,,308.0,,423.0
2019-10-20,26057.0,,,,309.0,,444.0
2019-10-21,21559.0,,,,157.0,,385.0
2019-10-22,18373.0,,,,123.0,,464.0
2019-10-23,21764.0,,,,322.0,,492.0
2019-10-24,22220.0,,,,431.0,,512.0
2019-10-25,23908.0,,,,299.0,,513.0
2019-10-26,,,,,191.0,,567.0
2019-10-27,,,,,156.0,,589.0
2019-10-28,16626.0,,,,133.0,,642.0
2019-10-29,15485.0,,,,123.0,,706.0
2019-10-30,17131.0,,,,106.0,,669.0
2019-10-31,16892.0,,,,199.0,,473.0
2019-11-01,17685.0,,,,138.0,,
2019-11-02,19658.0,,,,163.0,,
2019-11-03,20208.0,,,,177.0,,
2019-11-04,18272.0,,,,135.0,,
2019-11-05,18796.0,,,,115.0,,
2019-11-06,17845.0,,,,100.0,,
2019-11-07,18935.0,,,,99.0,,
2019-11-08,18027.0,,,,99.0,,
2019-11-09,17542.0,,,,101.0,,
2019-11-10,22099.0,,,,137.0,,
2019-11-11,22082.0,,,,255.0,,
2019-11-12,23661.0,,,,528.0,,
2019-11-13,32405.0,,,,699.0,,
2019-11-14,36989.0,,,,382.0,,1040.0
2019-11-15,36151.0,,,,498.0,,745.0
2019-11-16,47940.0,,,,503.0,,768.0
2019-11-17,44575.0,,,,360.0,,785.0
2019-11-18,45249.0,,,,451.0,,754.0
2019-11-19,45315.0,,,,286.0,,726.0
2019-11-20,42602.0,,,,248.0,,699.0
2019-11-21,37901.0,,,,237.0,,706.0
2019-11-22,39259.0,,,,264.0,,763.0
2019-11-23,45353.0,,,,260.0,,692.0
2019-11-24,40717.0,,,,225.0,,637.0
2019-11-25,36055.0,,,,258.0,,604.0
2019-11-26,34362.0,,,,289.0,,610.0
2019-11-27,36856.0,,,,274.0,,596.0
2019-11-28,37366.0,,,,303.0,,617.0
2019-11-29,35651.0,,,,275.0,,582.0
2019-11-30,34645.0,,,,283.0,,557.0
2019-12-01,30729.0,,,,260.0,,568.0
2019-12-02,24795.0,,66.0,,325.0,,566.0
2019-12-03,25882.0,,36.0,,265.0,,528.0
2019-12-04,26158.0,,55.0,,290.0,,426.0
2019-12-05,31567.0,,33.0,,290.0,,399.0
2019-12-06,28080.0,,33.0,,247.0,,400.0
2019-12-07,29899.0,,272.0,,479.0,,439.0
2019-12-08,41083.0,,313.0,,393.0,,
2019-12-09,36067.0,,,,286.0,,
2019-12-10,30856.0,,,,272.0,,
2019-12-11,29721.0,,,,271.0,,
2019-12-12,31897.0,,,,283.0,,
2019-12-13,33164.0,,,,838.0,,
2019-12-14,41529.0,,,,953.0,,
2019-12-15,46767.0,,,,664.0,,
2019-12-16,42362.0,,,,456.0,,
2019-12-17,39578.0,,,,560.0,,
2019-12-18,39997.0,,,,668.0,,
2019-12-19,39381.0,,,,494.0,,
2019-12-20,36547.0,,,,430.0,,
2019-12-21,34982.0,,,,411.0,,
2019-12-22,33870.0,,,,368.0,,
2019-12-23,33792.0,,,,528.0,,
2019-12-24,33571.0,,,,382.0,,
2019-12-25,32913.0,,,,334.0,,
2019-12-26,32269.0,,,,265.0,,
2019-12-27,32106.0,,,,196.0,,
2019-12-28,28793.0,,,,180.0,,
2019-12-29,27366.0,,,,175.0,,
2019-12-30,28662.0,,,,373.0,,
2019-12-31,41774.0,,,,1439.0,,
2020-01-01,41070.0,,,,781.0,,
2020-01-02,48122.0,,,,857.0,,
2020-01-03,47122.0,,,,406.0,,
2020-01-04,39910.0,,,,298.0,,
2020-01-05,33874.0,,,,294.0,,
2020-01-06,30133.0,,,,263.0,,
2020-01-07,28546.0,,,,245.0,,
2020-01-08,28385.0,,,,227.0,,
2020-01-09,27782.0,,,,217.0,,
2020-01-10,26993.0,,,,206.0,,
2020-01-11,26396.0,,,,187.0,,
2020-01-12,26182.0,,,,189.0,,
2020-01-13,26016.0,,,,167.0,,
2020-01-14,25263.0,,,,155.0,,
2020-01-15,24689.0,,,,207.0,,
2020-01-16,24242.0,,,,173.0,,
2020-01-17,23914.0,,,,110.0,,
2020-01-18,23592.0,,,,121.0,,
2020-01-19,22746.0,,,,123.0,,
2020-01-20,22533.0,,,,160.0,,
2020-01-21,23909.0,,,,201.0,,
2020-01-22,26771.0,,,,263.0,,
2020-01-23,25208.0,,,,197.0,,
2020-01-24,23762.0,,,,139.0,,
2020-01-25,23475.0,,,,118.0,,
2020-01-26,23921.0,,,,260.0,,
2020-01-27,24772.0,,,,616.0,,
2020-01-28,27620.0,,,,275.0,,
2020-01-29,25908.0,,,,249.0,,
2020-01-30,23411.0,,164.0,,201.0,,
2020-01-31,22072.0,,149.0,,180.0,,
2020-02-01,21530.0,,137.0,,157.0,,
2020-02-02,21280.0,,253.0,,201.0,,
2020-02-03,21140.0,,190.0,,184.0,,
2020-02-04,21177.0,,159.0,,147.0,,
2020-02-05,20837.0,,149.0,,128.0,,
2020-02-06,20514.0,,135.0,,120.0,,
2020-02-07,20369.0,,133.0,,109.0,,
2020-02-08,20875.0,,147.0,,108.0,,
2020-02-09,18084.0,,127.0,,110.0,,
2020-02-10,18084.0,,110.0,,104.0,,
2020-02-11,17026.0,,113.0,,100.0,,
2020-02-12,16527.0,,105.0,,98.0,,
2020-02-13,20080.0,,104.0,,92.0,,
2020-02-14,20536.0,,102.0,,90.0,,
2020-02-15,20613.0,,103.0,,96.0,,
2020-02-16,18575.0,,103.0,,91.0,,
2020-02-17,16928.0,,108.0,,89.0,,
2020-02-18,17588.0,,95.0,,85.0,,
2020-02-19,15407.0,,96.0,,86.0,,
2020-02-20,18101.0,,112.0,,149.0,,
2020-02-21,18459.0,,125.0,,220.0,,
2020-02-22,18580.0,,195.0,,286.0,,
2020-02-23,17683.0,,102.0,,327.0,,
2020-02-24,19198.0,,111.0,,345.0,,
2020-02-25,20371.0,,151.0,,273.0,,
2020-02-26,23632.0,,407.0,,203.0,,
2020-02-27,32168.0,,125.0,,182.0,,
2020-02-28,25091.0,,113.0,,138.0,,
2020-02-29,23368.0,,97.0,,136.0,,
2020-03-01,21732.0,,95.0,,220.0,,
2020-03-02,21894.0,,83.0,,166.0,,
2020-03-03,23520.0,,95.0,,193.0,,
2020-03-04,26021.0,,80.0,,111.0,,
2020-03-05,24184.0,,78.0,,104.0,,
2020-03-06,26540.0,,71.0,,100.0,,
2020-03-07,27277.0,,118.0,,257.0,,
2020-03-08,27047.0,,86.0,,195.0,,
2020-03-09,25594.0,,60.0,,128.0,,
2020-03-10,25945.0,,161.0,,131.0,,
2020-03-11,,,88.0,,217.0,,
2020-03-12,27437.0,,81.0,,108.0,,
2020-03-13,30155.0,,194.0,,321.0,,
2020-03-14,30209.0,,296.0,,555.0,,
2020-03-15,32426.0,,129.0,,267.0,,
2020-03-16,29482.0,,112.0,,172.0,,
2020-03-17,29270.0,,134.0,,147.0,,
2020-03-18,28654.0,,130.0,,121.0,,
2020-03-19,27474.0,,124.0,,106.0,,
2020-03-20,28229.0,,128.0,,100.0,,
2020-03-21,30288.0,,105.0,,107.0,,
2020-03-22,23913.0,,90.0,,95.0,,
2020-03-23,21750.0,,71.0,,85.0,,
2020-03-24,21781.0,,101.0,,103.0,,
2020-03-25,22272.0,,77.0,,97.0,,
2020-03-26,21889.0,,70.0,,84.0,,
2020-03-27,24884.0,,55.0,,84.0,,
2020-03-28,23086.0,,48.0,,86.0,,
2020-03-29,21781.0,,37.0,,86.0,,
2020-03-30,22823.0,,47.0,,78.0,,
2020-03-31,21450.0,,117.0,,89.0,,
2020-04-01,21192.0,,141.0,,101.0,,
2020-04-02,24131.0,,43.0,,123.0,,
2020-04-03,22966.0,,93.0,,288.0,,
2020-04-04,23328.0,,63.0,,112.0,,
2020-04-05,18643.0,,123.0,,153.0,,
2020-04-06,19733.0,,88.0,,115.0,,
2020-04-07,19308.0,,76.0,,134.0,,
2020-04-08,21630.0,,67.0,,92.0,,
2020-04-09,18871.0,,63.0,,88.0,,
2020-04-10,18366.0,,71.0,,91.0,,
2020-04-11,23526.0,,108.0,,135.0,,
2020-04-12,28758.0,,504.0,,151.0,,
2020-04-13,32117.0,,142.0,,178.0,,
2020-04-14,33330.0,,274.0,,272.0,,
2020-04-15,30977.0,,253.0,,253.0,,
2020-04-16,29521.0,,,,206.0,,
2020-04-17,26038.0,,,,162.0,,
2020-04-18,27101.0,,,,328.0,,
2020-04-19,29465.0,,,,198.0,,
2020-04-20,23692.0,,,,157.0,,
2020-04-21,20496.0,,,,161.0,,
2020-04-22,19764.0,,,,151.0,,
2020-04-23,19340.0,,,,189.0,,
2020-04-24,19880.0,,,,208.0,,
2020-04-25,22725.0,,,,200.0,,
2020-04-26,21914.0,,,,136.0,,
2020-04-27,20217.0,,,,121.0,,
2020-04-28,20626.0,,,,233.0,,
2020-04-29,23641.0,,,,329.0,,
2020-04-30,,,85.0,,193.0,,
2020-05-01,22184.0,,81.0,,471.0,,
2020-05-02,22506.0,,444.0,,218.0,,
2020-05-03,21276.0,,220.0,,211.0,,
2020-05-04,19839.0,,,,192.0,,
2020-05-05,18795.0,,,,167.0,,
2020-05-06,17766.0,,,,146.0,,
2020-05-07,17254.0,,,,137.0,,
2020-05-08,16747.0,,35.0,,120.0,,
2020-05-09,16229.0,,34.0,,125.0,,
2020-05-10,15864.0,,,,108.0,,
2020-05-11,16678.0,,,,109.0,,
2020-05-12,19121.0,,,,267.0,,
2020-05-13,22827.0,,,,625.0,,
2020-05-14,21418.0,,,,355.0,,
2020-05-15,18321.0,,66.0,,201.0,,
2020-05-16,16987.0,,67.0,,165.0,,
2020-05-17,16106.0,,,,172.0,,
2020-05-18,16438.0,,,,235.0,,
2020-05-19,18501.0,,,,315.0,,
2020-05-20,17464.0,,,,210.0,,
2020-05-21,16234.0,,,,201.0,,
2020-05-22,16078.0,,86.0,,300.0,,
2020-05-23,13961.0,,35.0,,192.0,,
2020-05-24,13297.0,,33.0,,170.0,,
2020-05-25,13060.0,,30.0,,171.0,,
2020-05-26,12767.0,,32.0,,151.0,,
2020-05-27,13497.0,,28.0,,93.0,,
2020-05-28,13974.0,,26.0,,103.0,,
2020-05-29,16703.0,,40.0,,139.0,,
2020-05-30,18986.0,,111.0,,325.0,,
2020-05-31,24480.0,,102.0,,268.0,,
2020-06-01,,,87.0,,212.0,,
2020-06-02,,,265.0,,273.0,,
2020-06-03,24496.0,,891.0,,774.0,,
2020-06-04,30507.0,,435.0,,660.0,,
2020-06-05,24820.0,,277.0,,387.0,,
2020-06-06,20557.0,,208.0,,246.0,,
2020-06-07,18615.0,,167.0,,221.0,,
2020-06-08,17344.0,,134.0,,186.0,,
2020-06-09,16426.0,,117.0,,178.0,,
2020-06-10,16502.0,,401.0,,217.0,,
2020-06-11,17860.0,,185.0,,236.0,,
2020-06-12,18457.0,,125.0,,215.0,,
2020-06-13,17158.0,,112.0,,178.0,,
2020-06-14,16747.0,,116.0,,455.0,,
2020-06-15,17110.0,,112.0,,418.0,,
2020-06-16,16789.0,,96.0,,268.0,,
2020-06-17,15859.0,,95.0,,205.0,,
2020-06-18,15593.0,,90.0,,197.0,,
2020-06-19,15973.0,,92.0,,181.0,,
2020-06-20,19091.0,,94.0,,203.0,,
2020-06-21,18782.0,,91.0,,206.0,,
2020-06-22,17043.0,,63.0,,175.0,,
2020-06-23,16575.0,,147.0,,397.0,,
2020-06-24,16646.0,,91.0,,207.0,,
2020-06-25,16541.0,,78.0,,160.0,,
2020-06-26,15968.0,,86.0,,150.0,,
2020-06-27,15423.0,,97.0,,196.0,,
2020-06-28,14987.0,,61.0,,156.0,,
2020-06-29,14483.0,,45.0,,132.0,,
2020-06-30,15139.0,,178.0,,506.0,,
2020-07-01,14464.0,,107.0,,158.0,,
2020-07-02,15564.0,,99.0,,179.0,,
2020-07-03,17141.0,,88.0,,140.0,,
2020-07-04,15884.0,,103.0,,190.0,,
2020-07-05,18860.0,,131.0,,207.0,,
2020-07-06,19591.0,,69.0,,190.0,,
2020-07-07,19445.0,,47.0,,175.0,,
2020-07-08,22987.0,,42.0,,228.0,,
2020-07-09,20458.0,,40.0,,198.0,,
2020-07-10,18397.0,,31.0,,194.0,,
2020-07-11,19046.0,,122.0,,241.0,,
2020-07-12,19098.0,,29.0,,238.0,,
2020-07-13,17664.0,,27.0,,215.0,,
2020-07-14,17318.0,,26.0,,176.0,,
2020-07-15,18072.0,,25.0,,198.0,,
2020-07-16,16875.0,,25.0,,193.0,,
2020-07-17,15870.0,,25.0,,189.0,,
2020-07-18,15259.0,,25.0,,143.0,,
2020-07-19,14962.0,,25.0,,137.0,,
2020-07-20,15554.0,,25.0,,155.0,,
2020-07-21,15375.0,,25.0,,168.0,,
2020-07-22,14893.0,,42.0,,167.0,,
2020-07-23,15643.0,,26.0,,178.0,,
2020-07-24,17748.0,,31.0,,188.0,,
2020-07-25,21318.0,,80.0,,262.0,,
2020-07-26,20877.0,,25.0,,194.0,,
2020-07-27,17502.0,,25.0,,180.0,,
2020-07-28,16788.0,,25.0,,165.0,,
2020-07-29,16261.0,,25.0,,164.0,,
2020-07-30,21456.0,,25.0,,162.0,,
2020-07-31,22524.0,,25.0,,152.0,,1608.0
2020-08-01,22427.0,,25.0,,148.0,,1512.0
2020-08-02,20195.0,,25.0,,146.0,,1609.0
2020-08-03,17095.0,,25.0,,146.0,,1492.0
2020-08-04,18969.0,,25.0,,148.0,,1423.0
2020-08-05,19758.0,,25.0,,142.0,,1506.0
2020-08-06,20630.0,,25.0,,140.0,,1514.0
2020-08-07,20711.0,,25.0,,135.0,,1562.0
2020-08-08,20801.0,,25.0,,130.0,,1714.0
2020-08-09,21050.0,,25.0,,130.0,,1624.0
2020-08-10,20826.0,,25.0,,128.0,,1721.0
2020-08-11,20224.0,,25.0,,130.0,,1819.0
2020-08-12,20471.0,,25.0,,124.0,,2028.0
2020-08-13,20470.0,,25.0,,210.0,,1764.0
2020-08-14,20917.0,,25.0,,191.0,,1590.0
2020-08-15,24484.0,,25.0,,145.0,,1437.0
2020-08-16,22773.0,,197.0,,208.0,,1366.0
2020-08-17,22385.0,,41.0,,197.0,,1388.0
2020-08-18,22668.0,,26.0,,153.0,,1308.0
2020-08-19,22348.0,,137.0,,168.0,,1412.0
2020-08-20,26200.0,,60.0,,182.0,,1383.0
2020-08-21,25559.0,,28.0,,149.0,,1402.0
2020-08-22,23720.0,,28.0,,148.0,,1393.0
2020-08-23,23754.0,,38.0,,128.0,,1535.0
2020-08-24,26586.0,,29.0,,208.0,,1471.0
2020-08-25,26593.0,,40.0,,154.0,,1432.0
2020-08-26,26704.0,,28.0,,148.0,,1453.0
2020-08-27,25831.0,,28.0,,132.0,,1369.0
2020-08-28,25133.0,,28.0,,109.0,,1292.0
2020-08-29,25483.0,,50.0,,114.0,,1333.0
2020-08-30,30484.0,,34.0,,229.0,,1309.0
2020-08-31,30451.0,,28.0,,158.0,,1320.0
2020-09-01,28524.0,,92.0,,156.0,,1302.0
2020-09-02,28964.0,,118.0,,281.0,,1393.0
2020-09-03,27881.0,,29.0,,133.0,,1482.0
2020-09-04,27277.0,,129.0,,132.0,,1599.0
2020-09-05,26866.0,,39.0,,119.0,,
2020-09-06,26718.0,,31.0,,102.0,,
2020-09-07,26846.0,,27.0,,91.0,,
2020-09-08,27447.0,,110.0,,254.0,,
2020-09-09,29925.0,,71.0,,185.0,,
2020-09-10,28581.0,,29.0,,101.0,,
2020-09-11,27864.0,,28.0,,97.0,,
2020-09-12,27667.0,,28.0,,92.0,,
2020-09-13,27943.0,,28.0,,94.0,,2064.0
2020-09-14,28213.0,,,,92.0,,1686.0
2020-09-15,27994.0,,,,92.0,,1438.0
2020-09-16,27684.0,,,,92.0,,1314.0
2020-09-17,27846.0,,,,109.0,,1509.0
2020-09-18,30146.0,,,,262.0,,1485.0
2020-09-19,22520.0,,,,100.0,,1432.0
2020-09-20,20306.0,,28.0,,199.0,,1569.0
2020-09-21,18085.0,,64.0,,171.0,,1358.0
2020-09-22,16671.0,,36.0,,102.0,,1280.0
2020-09-23,15660.0,,28.0,,137.0,,1344.0
2020-09-24,14593.0,,27.0,,160.0,,1319.0
2020-09-25,14354.0,,27.0,,149.0,,1294.0
2020-09-26,14098.0,,27.0,,161.0,,1290.0
2020-09-27,14438.0,,26.0,,145.0,,1328.0
2020-09-28,15477.0,,26.0,,109.0,,1464.0
2020-09-29,14695.0,,26.0,,92.0,,1670.0
2020-09-30,14095.0,,26.0,,92.0,,1862.0
2020-10-01,14735.0,,26.0,,92.0,,2065.0
2020-10-02,14075.0,,93.0,,92.0,,1358.0
2020-10-03,14864.0,,62.0,,99.0,,1145.0
2020-10-04,16464.0,,190.0,,485.0,,1592.0
2020-10-05,21744.0,,29.0,,260.0,,1617.0
2020-10-06,21794.0,,28.0,,128.0,,1503.0
2020-10-07,18692.0,,28.0,,153.0,,1736.0
2020-10-08,18621.0,,28.0,,128.0,,1776.0
2020-10-09,20267.0,,28.0,,111.0,,1206.0
2020-10-10,15272.0,,27.0,,108.0,,929.0
2020-10-11,15527.0,,27.0,,108.0,,1048.0
2020-10-12,14629.0,,27.0,,103.0,,1180.0
2020-10-13,13987.0,,27.0,,100.0,,1113.0
2020-10-14,12735.0,,27.0,,100.0,,1311.0
2020-10-15,11252.0,,27.0,,100.0,,1584.0
2020-10-16,10639.0,,26.0,,100.0,,1411.0
2020-10-17,10870.0,,26.0,,100.0,,1385.0
2020-10-18,10801.0,,26.0,,150.0,,1306.0
2020-10-19,14189.0,,287.0,,309.0,,1907.0
2020-10-20,15649.0,,30.0,,118.0,,1915.0
2020-10-21,13433.0,,105.0,,141.0,,1192.0
2020-10-22,13884.0,,29.0,,123.0,,1059.0
2020-10-23,13552.0,,231.0,,214.0,,1427.0
2020-10-24,13354.0,,265.0,,342.0,,1441.0
2020-10-25,12749.0,,194.0,,182.0,,975.0
2020-10-26,12332.0,,186.0,,120.0,,961.0
2020-10-27,13037.0,,99.0,,140.0,,936.0
2020-10-28,13428.0,,208.0,,175.0,,852.0
2020-10-29,13176.0,,142.0,,132.0,,878.0
2020-10-30,13102.0,,185.0,,141.0,,929.0
2020-10-31,15868.0,,328.0,,570.0,,1050.0
2020-11-01,16528.0,,300.0,,472.0,,1008.0
2020-11-02,15324.0,,161.0,,332.0,,925.0
2020-11-03,13205.0,,281.0,,255.0,,973.0
2020-11-04,12398.0,,,,207.0,,920.0
2020-11-05,11903.0,,,,222.0,,930.0
2020-11-06,13058.0,,,,201.0,,1117.0
2020-11-07,13832.0,,45.0,,158.0,,1506.0
2020-11-08,12325.0,,49.0,,151.0,,2241.0
2020-11-09,12061.0,,51.0,,156.0,,1871.0
2020-11-10,13212.0,,36.0,,166.0,,1046.0
2020-11-11,13120.0,,30.0,,137.0,,1243.0
2020-11-12,12461.0,,37.0,,114.0,,1231.0
2020-11-13,12708.0,,30.0,,94.0,,1047.0
2020-11-14,18322.0,,408.0,,255.0,,2244.0
2020-11-15,18742.0,,203.0,,274.0,,1353.0
2020-11-16,15174.0,,105.0,,226.0,,1969.0
2020-11-17,15800.0,,113.0,,229.0,,3214.0
2020-11-18,14806.0,,86.0,,185.0,,2712.0
2020-11-19,14879.0,,172.0,,,,2023.0
2020-11-20,17097.0,,184.0,,,,1481.0
2020-11-21,21710.0,,330.0,,,,2046.0
2020-11-22,20932.0,,157.0,,,,2214.0
2020-11-23,16319.0,,107.0,,,,2143.0
2020-11-24,14923.0,,148.0,,,,2302.0
2020-11-25,15493.0,,93.0,,,,2102.0
2020-11-26,15341.0,,116.0,,,,1988.0
2020-11-27,20309.0,,73.0,,,,1612.0
2020-11-28,27953.0,,143.0,,,,1660.0
2020-11-29,22826.0,,52.0,,,,1736.0
2020-11-30,25219.0,,387.0,,,,3265.0
2020-12-01,29947.0,,240.0,,,,2630.0
2020-12-02,28433.0,,232.0,,,,1799.0
2020-12-03,33357.0,,175.0,,,,821.0
2020-12-04,28919.0,,241.0,,,,708.0
2020-12-05,24872.0,,156.0,,,,760.0
2020-12-06,22334.0,,142.0,,,,789.0
2020-12-07,21318.0,,109.0,,,,796.0
2020-12-08,20844.0,,208.0,,,,853.0
2020-12-09,25808.0,,207.0,,,,850.0
2020-12-10,28078.0,,,,,,926.0
2020-12-11,25442.0,,,,,,1026.0
2020-12-12,23421.0,,29.0,,,,1074.0
2020-12-13,21820.0,,70.0,,,,1127.0
2020-12-14,20347.0,,37.0,,,,1173.0
2020-12-15,20017.0,,40.0,,,,1124.0
2020-12-16,20058.0,,30.0,,,,1044.0
2020-12-17,19149.0,,25.0,,,,1033.0
2020-12-18,19468.0,,25.0,,,,1056.0
2020-12-19,19252.0,,,,,,1096.0
2020-12-20,21635.0,,,,,,1158.0
2020-12-21,24919.0,,,,,,1174.0
2020-12-22,21866.0,,,,,,1073.0
2020-12-23,20309.0,,,,,,1326.0
2020-12-24,21082.0,,,,,,1293.0
2020-12-25,27737.0,,,,,,1732.0
2020-12-26,38296.0,,,,,,2026.0
2020-12-27,47233.0,,,,,,2392.0
2020-12-28,36394.0,,139.0,,,,3304.0
2020-12-29,38441.0,,117.0,,,,2705.0
2020-12-30,38011.0,,134.0,,,,2392.0
2020-12-31,40839.0,,104.0,,,,2257.0
